Workbook
Name a: #REF!
Name Ano_Sel: #REF!
Name Base_Mes: #REF!
Name Base_Safra: #REF!
Name Div_Valor: #REF!
Name Mes_Sel: #REF!
Name Moeda_Sel: #REF!
Name Rel_Recursos: #REF!
Name Tp_Desc_Mes: #REF!
Name Tp_Var: #REF!

Sheet Dimensionamento Tratos (2)
D2: DIMENSIONAMENTO DE MÁQUINAS - TRATOS CULTURAIS - OPERAÇÕES PRÓPRIAS
D5: Trator Tratos
B6: Op | C6: Fluxo | D6: Mês | E6: 45748 | F6: 45778 | G6: 45809 | H6: 45839 | I6: 45870 | J6: 45901 | K6: 45931 | L6: 45962 | M6: 45992 | N6: 46023 | O6: 46054 | P6: 46082 | Q6: Total
B7: 1031 | C7: TRATCSP | D7: =_xlfn.XLOOKUP(B7,Apoio!A:A,Apoio!B:B) -> 1ª Aplicação De Herbicida | E7: =SUMIFS(Qtde_Oper_Plantio_Tratos!P:P,Qtde_Oper_Plantio_Tratos!$F:$F,'Dimensionamento Tratos (2)'!$B7,Qtde_Oper_Plantio_Tratos!$I:$I,'Dimensionamento Tratos (2)'!$C7) -> 1329.522 | F7: =SUMIFS(Qtde_Oper_Plantio_Tratos!Q:Q,Qtde_Oper_Plantio_Tratos!$F:$F,'Dimensionamento Tratos (2)'!$B7,Qtde_Oper_Plantio_Tratos!$I:$I,'Dimensionamento Tratos (2)'!$C7) -> 2090.75 | G7: =SUMIFS(Qtde_Oper_Plantio_Tratos!R:R,Qtde_Oper_Plantio_Tratos!$F:$F,'Dimensionamento Tratos (2)'!$B7,Qtde_Oper_Plantio_Tratos!$I:$I,'Dimensionamento Tratos (2)'!$C7) -> 2335.49 | H7: =SUMIFS(Qtde_Oper_Plantio_Tratos!S:S,Qtde_Oper_Plantio_Tratos!$F:$F,'Dimensionamento Tratos (2)'!$B7,Qtde_Oper_Plantio_Tratos!$I:$I,'Dimensionamento Tratos (2)'!$C7) -> 1476.67 | I7: =SUMIFS(Qtde_Oper_Plantio_Tratos!T:T,Qtde_Oper_Plantio_Tratos!$F:$F,'Dimensionamento Tratos (2)'!$B7,Qtde_Oper_Plantio_Tratos!$I:$I,'Dimensionamento Tratos (2)'!$C7) -> 1496.14 | J7: =SUMIFS(Qtde_Oper_Plantio_Tratos!U:U,Qtde_Oper_Plantio_Tratos!$F:$F,'Dimensionamento Tratos (2)'!$B7,Qtde_Oper_Plantio_Tratos!$I:$I,'Dimensionamento Tratos (2)'!$C7) -> 1659.82 | K7: =SUMIFS(Qtde_Oper_Plantio_Tratos!V:V,Qtde_Oper_Plantio_Tratos!$F:$F,'Dimensionamento Tratos (2)'!$B7,Qtde_Oper_Plantio_Tratos!$I:$I,'Dimensionamento Tratos (2)'!$C7) -> 1868.84 | L7: =SUMIFS(Qtde_Oper_Plantio_Tratos!W:W,Qtde_Oper_Plantio_Tratos!$F:$F,'Dimensionamento Tratos (2)'!$B7,Qtde_Oper_Plantio_Tratos!$I:$I,'Dimensionamento Tratos (2)'!$C7) -> 1005.77 | M7: =SUMIFS(Qtde_Oper_Plantio_Tratos!X:X,Qtde_Oper_Plantio_Tratos!$F:$F,'Dimensionamento Tratos (2)'!$B7,Qtde_Oper_Plantio_Tratos!$I:$I,'Dimensionamento Tratos (2)'!$C7) -> 0 | N7: =SUMIFS(Qtde_Oper_Plantio_Tratos!Y:Y,Qtde_Oper_Plantio_Tratos!$F:$F,'Dimensionamento Tratos (2)'!$B7,Qtde_Oper_Plantio_Tratos!$I:$I,'Dimensionamento Tratos (2)'!$C7) -> 0 | O7: =SUMIFS(Qtde_Oper_Plantio_Tratos!Z:Z,Qtde_Oper_Plantio_Tratos!$F:$F,'Dimensionamento Tratos (2)'!$B7,Qtde_Oper_Plantio_Tratos!$I:$I,'Dimensionamento Tratos (2)'!$C7) -> 100 | P7: =SUMIFS(Qtde_Oper_Plantio_Tratos!AA:AA,Qtde_Oper_Plantio_Tratos!$F:$F,'Dimensionamento Tratos (2)'!$B7,Qtde_Oper_Plantio_Tratos!$I:$I,'Dimensionamento Tratos (2)'!$C7) -> 100 | Q7: =SUM(E7:P7) -> 13463.002
C8: Proprio | D8: Trator_Herbicida | E8: =IF($C8="Proprio",IFERROR(E7/(_xlfn.XLOOKUP(E$6,$E$68:$Q$68,$E$69:$Q$69)*_xlfn.XLOOKUP($B7,$C$52:$C$64,$E$52:$E$64)),0),0) -> 0.71551917 | F8: =IF($C8="Proprio",IFERROR(F7/(_xlfn.XLOOKUP(F$6,$E$68:$Q$68,$E$69:$Q$69)*_xlfn.XLOOKUP($B7,$C$52:$C$64,$E$52:$E$64)),0),0) -> 1.0221495 | G8: =IF($C8="Proprio",IFERROR(G7/(_xlfn.XLOOKUP(G$6,$E$68:$Q$68,$E$69:$Q$69)*_xlfn.XLOOKUP($B7,$C$52:$C$64,$E$52:$E$64)),0),0) -> 1.1070366 | H8: =IF($C8="Proprio",IFERROR(H7/(_xlfn.XLOOKUP(H$6,$E$68:$Q$68,$E$69:$Q$69)*_xlfn.XLOOKUP($B7,$C$52:$C$64,$E$52:$E$64)),0),0) -> 0.64087568 | I8: =IF($C8="Proprio",IFERROR(I7/(_xlfn.XLOOKUP(I$6,$E$68:$Q$68,$E$69:$Q$69)*_xlfn.XLOOKUP($B7,$C$52:$C$64,$E$52:$E$64)),0),0) -> 0.65945805 | J8: =IF($C8="Proprio",IFERROR(J7/(_xlfn.XLOOKUP(J$6,$E$68:$Q$68,$E$69:$Q$69)*_xlfn.XLOOKUP($B7,$C$52:$C$64,$E$52:$E$64)),0),0) -> 0.80731796 | K8: =IF($C8="Proprio",IFERROR(K7/(_xlfn.XLOOKUP(K$6,$E$68:$Q$68,$E$69:$Q$69)*_xlfn.XLOOKUP($B7,$C$52:$C$64,$E$52:$E$64)),0),0) -> 1.0183337 | L8: =IF($C8="Proprio",IFERROR(L7/(_xlfn.XLOOKUP(L$6,$E$68:$Q$68,$E$69:$Q$69)*_xlfn.XLOOKUP($B7,$C$52:$C$64,$E$52:$E$64)),0),0) -> 0.61268679 | ... P8: =IF($C8="Proprio",IFERROR(P7/(_xlfn.XLOOKUP(P$6,$E$68:$Q$68,$E$69:$Q$69)*_xlfn.XLOOKUP($B7,$C$52:$C$64,$E$52:$E$64)),0),0) -> 0.070323488 | Q8: =IFERROR(Q7/(_xlfn.XLOOKUP(Q$6,$E$68:$Q$68,$E$69:$Q$69)*_xlfn.XLOOKUP($B7,$C$52:$C$64,$E$52:$E$64)),0) -> 0.66404391
B9: 1073 | C9: TRATCSP | D9: =_xlfn.XLOOKUP(B9,Apoio!A:A,Apoio!B:B) -> Apl Inseticida Em Profundidade | E9: =SUMIFS(Qtde_Oper_Plantio_Tratos!P:P,Qtde_Oper_Plantio_Tratos!$F:$F,'Dimensionamento Tratos (2)'!$B9,Qtde_Oper_Plantio_Tratos!$I:$I,'Dimensionamento Tratos (2)'!$C9) -> 1500 | F9: =SUMIFS(Qtde_Oper_Plantio_Tratos!Q:Q,Qtde_Oper_Plantio_Tratos!$F:$F,'Dimensionamento Tratos (2)'!$B9,Qtde_Oper_Plantio_Tratos!$I:$I,'Dimensionamento Tratos (2)'!$C9) -> 1800 | G9: =SUMIFS(Qtde_Oper_Plantio_Tratos!R:R,Qtde_Oper_Plantio_Tratos!$F:$F,'Dimensionamento Tratos (2)'!$B9,Qtde_Oper_Plantio_Tratos!$I:$I,'Dimensionamento Tratos (2)'!$C9) -> 1800 | H9: =SUMIFS(Qtde_Oper_Plantio_Tratos!S:S,Qtde_Oper_Plantio_Tratos!$F:$F,'Dimensionamento Tratos (2)'!$B9,Qtde_Oper_Plantio_Tratos!$I:$I,'Dimensionamento Tratos (2)'!$C9) -> 1932.63 | I9: =SUMIFS(Qtde_Oper_Plantio_Tratos!T:T,Qtde_Oper_Plantio_Tratos!$F:$F,'Dimensionamento Tratos (2)'!$B9,Qtde_Oper_Plantio_Tratos!$I:$I,'Dimensionamento Tratos (2)'!$C9) -> 1496.14 | J9: =SUMIFS(Qtde_Oper_Plantio_Tratos!U:U,Qtde_Oper_Plantio_Tratos!$F:$F,'Dimensionamento Tratos (2)'!$B9,Qtde_Oper_Plantio_Tratos!$I:$I,'Dimensionamento Tratos (2)'!$C9) -> 1659.82 | K9: =SUMIFS(Qtde_Oper_Plantio_Tratos!V:V,Qtde_Oper_Plantio_Tratos!$F:$F,'Dimensionamento Tratos (2)'!$B9,Qtde_Oper_Plantio_Tratos!$I:$I,'Dimensionamento Tratos (2)'!$C9) -> 1868.64 | L9: =SUMIFS(Qtde_Oper_Plantio_Tratos!W:W,Qtde_Oper_Plantio_Tratos!$F:$F,'Dimensionamento Tratos (2)'!$B9,Qtde_Oper_Plantio_Tratos!$I:$I,'Dimensionamento Tratos (2)'!$C9) -> 1005.77 | M9: =SUMIFS(Qtde_Oper_Plantio_Tratos!X:X,Qtde_Oper_Plantio_Tratos!$F:$F,'Dimensionamento Tratos (2)'!$B9,Qtde_Oper_Plantio_Tratos!$I:$I,'Dimensionamento Tratos (2)'!$C9) -> 0 | N9: =SUMIFS(Qtde_Oper_Plantio_Tratos!Y:Y,Qtde_Oper_Plantio_Tratos!$F:$F,'Dimensionamento Tratos (2)'!$B9,Qtde_Oper_Plantio_Tratos!$I:$I,'Dimensionamento Tratos (2)'!$C9) -> 0 | O9: =SUMIFS(Qtde_Oper_Plantio_Tratos!Z:Z,Qtde_Oper_Plantio_Tratos!$F:$F,'Dimensionamento Tratos (2)'!$B9,Qtde_Oper_Plantio_Tratos!$I:$I,'Dimensionamento Tratos (2)'!$C9) -> 100 | P9: =SUMIFS(Qtde_Oper_Plantio_Tratos!AA:AA,Qtde_Oper_Plantio_Tratos!$F:$F,'Dimensionamento Tratos (2)'!$B9,Qtde_Oper_Plantio_Tratos!$I:$I,'Dimensionamento Tratos (2)'!$C9) -> 100 | Q9: =SUMIFS(Qtde_Oper_Plantio_Tratos!AB:AB,Qtde_Oper_Plantio_Tratos!$F:$F,'Dimensionamento Tratos (2)'!$B9,Qtde_Oper_Plantio_Tratos!$I:$I,'Dimensionamento Tratos (2)'!$C9) -> 13263
C10: Proprio | D10: Trator_Apl Inseticida Em Profundidade | E10: =IF($C10="Proprio",IFERROR(E9/(_xlfn.XLOOKUP(E$6,$E$68:$Q$68,$E$69:$Q$69)*_xlfn.XLOOKUP($B9,$C$52:$C$64,$E$52:$E$64)),0),0) -> 10.541168 | F10: =IF($C10="Proprio",IFERROR(F9/(_xlfn.XLOOKUP(F$6,$E$68:$Q$68,$E$69:$Q$69)*_xlfn.XLOOKUP($B9,$C$52:$C$64,$E$52:$E$64)),0),0) -> 11.490966 | G10: =IF($C10="Proprio",IFERROR(G9/(_xlfn.XLOOKUP(G$6,$E$68:$Q$68,$E$69:$Q$69)*_xlfn.XLOOKUP($B9,$C$52:$C$64,$E$52:$E$64)),0),0) -> 11.141103 | H10: =IF($C10="Proprio",IFERROR(H9/(_xlfn.XLOOKUP(H$6,$E$68:$Q$68,$E$69:$Q$69)*_xlfn.XLOOKUP($B9,$C$52:$C$64,$E$52:$E$64)),0),0) -> 10.952437 | I10: =IF($C10="Proprio",IFERROR(I9/(_xlfn.XLOOKUP(I$6,$E$68:$Q$68,$E$69:$Q$69)*_xlfn.XLOOKUP($B9,$C$52:$C$64,$E$52:$E$64)),0),0) -> 8.6111051 | J10: =IF($C10="Proprio",IFERROR(J9/(_xlfn.XLOOKUP(J$6,$E$68:$Q$68,$E$69:$Q$69)*_xlfn.XLOOKUP($B9,$C$52:$C$64,$E$52:$E$64)),0),0) -> 10.541838 | K10: =IF($C10="Proprio",IFERROR(K9/(_xlfn.XLOOKUP(K$6,$E$68:$Q$68,$E$69:$Q$69)*_xlfn.XLOOKUP($B9,$C$52:$C$64,$E$52:$E$64)),0),0) -> 13.295828 | L10: =IF($C10="Proprio",IFERROR(L9/(_xlfn.XLOOKUP(L$6,$E$68:$Q$68,$E$69:$Q$69)*_xlfn.XLOOKUP($B9,$C$52:$C$64,$E$52:$E$64)),0),0) -> 8.0003729 | ... P10: =IF($C10="Proprio",IFERROR(P9/(_xlfn.XLOOKUP(P$6,$E$68:$Q$68,$E$69:$Q$69)*_xlfn.XLOOKUP($B9,$C$52:$C$64,$E$52:$E$64)),0),0) -> 0.91827365 | Q10: =IFERROR(Q9/(_xlfn.XLOOKUP(Q$6,$E$68:$Q$68,$E$69:$Q$69)*_xlfn.XLOOKUP($B9,$C$52:$C$64,$E$52:$E$64)),0) -> 8.5421732
B11: 1033 | C11: TRATCSP | D11: =_xlfn.XLOOKUP(B11,Apoio!A:A,Apoio!B:B) -> Aplicação De Torta De Filtro | E11: =SUMIFS(Qtde_Oper_Plantio_Tratos!P:P,Qtde_Oper_Plantio_Tratos!$F:$F,'Dimensionamento Tratos (2)'!$B11,Qtde_Oper_Plantio_Tratos!$I:$I,'Dimensionamento Tratos (2)'!$C11) -> 322.16 | F11: =SUMIFS(Qtde_Oper_Plantio_Tratos!Q:Q,Qtde_Oper_Plantio_Tratos!$F:$F,'Dimensionamento Tratos (2)'!$B11,Qtde_Oper_Plantio_Tratos!$I:$I,'Dimensionamento Tratos (2)'!$C11) -> 543.24 | G11: =SUMIFS(Qtde_Oper_Plantio_Tratos!R:R,Qtde_Oper_Plantio_Tratos!$F:$F,'Dimensionamento Tratos (2)'!$B11,Qtde_Oper_Plantio_Tratos!$I:$I,'Dimensionamento Tratos (2)'!$C11) -> 291.06 | H11: =SUMIFS(Qtde_Oper_Plantio_Tratos!S:S,Qtde_Oper_Plantio_Tratos!$F:$F,'Dimensionamento Tratos (2)'!$B11,Qtde_Oper_Plantio_Tratos!$I:$I,'Dimensionamento Tratos (2)'!$C11) -> 120.53 | I11: =SUMIFS(Qtde_Oper_Plantio_Tratos!T:T,Qtde_Oper_Plantio_Tratos!$F:$F,'Dimensionamento Tratos (2)'!$B11,Qtde_Oper_Plantio_Tratos!$I:$I,'Dimensionamento Tratos (2)'!$C11) -> 106.19 | J11: =SUMIFS(Qtde_Oper_Plantio_Tratos!U:U,Qtde_Oper_Plantio_Tratos!$F:$F,'Dimensionamento Tratos (2)'!$B11,Qtde_Oper_Plantio_Tratos!$I:$I,'Dimensionamento Tratos (2)'!$C11) -> 262.37 | K11: =SUMIFS(Qtde_Oper_Plantio_Tratos!V:V,Qtde_Oper_Plantio_Tratos!$F:$F,'Dimensionamento Tratos (2)'!$B11,Qtde_Oper_Plantio_Tratos!$I:$I,'Dimensionamento Tratos (2)'!$C11) -> 593.81 | L11: =SUMIFS(Qtde_Oper_Plantio_Tratos!W:W,Qtde_Oper_Plantio_Tratos!$F:$F,'Dimensionamento Tratos (2)'!$B11,Qtde_Oper_Plantio_Tratos!$I:$I,'Dimensionamento Tratos (2)'!$C11) -> 337.88 | M11: =SUMIFS(Qtde_Oper_Plantio_Tratos!X:X,Qtde_Oper_Plantio_Tratos!$F:$F,'Dimensionamento Tratos (2)'!$B11,Qtde_Oper_Plantio_Tratos!$I:$I,'Dimensionamento Tratos (2)'!$C11) -> 0 | N11: =SUMIFS(Qtde_Oper_Plantio_Tratos!Y:Y,Qtde_Oper_Plantio_Tratos!$F:$F,'Dimensionamento Tratos (2)'!$B11,Qtde_Oper_Plantio_Tratos!$I:$I,'Dimensionamento Tratos (2)'!$C11) -> 0 | O11: =SUMIFS(Qtde_Oper_Plantio_Tratos!Z:Z,Qtde_Oper_Plantio_Tratos!$F:$F,'Dimensionamento Tratos (2)'!$B11,Qtde_Oper_Plantio_Tratos!$I:$I,'Dimensionamento Tratos (2)'!$C11) -> 0 | P11: =SUMIFS(Qtde_Oper_Plantio_Tratos!AA:AA,Qtde_Oper_Plantio_Tratos!$F:$F,'Dimensionamento Tratos (2)'!$B11,Qtde_Oper_Plantio_Tratos!$I:$I,'Dimensionamento Tratos (2)'!$C11) -> 0 | Q11: =SUM(E11:P11) -> 2577.24
C12: Proprio | D12: Trator_Torta | E12: =IF($C12="Proprio",IFERROR(E11/(_xlfn.XLOOKUP(E$6,$E$68:$Q$68,$E$69:$Q$69)*_xlfn.XLOOKUP($B11,$C$52:$C$64,$E$52:$E$64)),0),0) -> 4.6066037 | F12: =IF($C12="Proprio",IFERROR(F11/(_xlfn.XLOOKUP(F$6,$E$68:$Q$68,$E$69:$Q$69)*_xlfn.XLOOKUP($B11,$C$52:$C$64,$E$52:$E$64)),0),0) -> 7.0564711 | G12: =IF($C12="Proprio",IFERROR(G11/(_xlfn.XLOOKUP(G$6,$E$68:$Q$68,$E$69:$Q$69)*_xlfn.XLOOKUP($B11,$C$52:$C$64,$E$52:$E$64)),0),0) -> 3.6656414 | H12: =IF($C12="Proprio",IFERROR(H11/(_xlfn.XLOOKUP(H$6,$E$68:$Q$68,$E$69:$Q$69)*_xlfn.XLOOKUP($B11,$C$52:$C$64,$E$52:$E$64)),0),0) -> 1.3898534 | I12: =IF($C12="Proprio",IFERROR(I11/(_xlfn.XLOOKUP(I$6,$E$68:$Q$68,$E$69:$Q$69)*_xlfn.XLOOKUP($B11,$C$52:$C$64,$E$52:$E$64)),0),0) -> 1.2436038 | J12: =IF($C12="Proprio",IFERROR(J11/(_xlfn.XLOOKUP(J$6,$E$68:$Q$68,$E$69:$Q$69)*_xlfn.XLOOKUP($B11,$C$52:$C$64,$E$52:$E$64)),0),0) -> 3.3906369 | K12: =IF($C12="Proprio",IFERROR(K11/(_xlfn.XLOOKUP(K$6,$E$68:$Q$68,$E$69:$Q$69)*_xlfn.XLOOKUP($B11,$C$52:$C$64,$E$52:$E$64)),0),0) -> 8.5970413 | L12: =IF($C12="Proprio",IFERROR(L11/(_xlfn.XLOOKUP(L$6,$E$68:$Q$68,$E$69:$Q$69)*_xlfn.XLOOKUP($B11,$C$52:$C$64,$E$52:$E$64)),0),0) -> 5.4687216 | ... P12: =IF($C12="Proprio",IFERROR(P11/(_xlfn.XLOOKUP(P$6,$E$68:$Q$68,$E$69:$Q$69)*_xlfn.XLOOKUP($B11,$C$52:$C$64,$E$52:$E$64)),0),0) -> 0 | Q12: =IFERROR(Q11/(_xlfn.XLOOKUP(Q$6,$E$68:$Q$68,$E$69:$Q$69)*_xlfn.XLOOKUP($B11,$C$52:$C$64,$E$52:$E$64)),0) -> 3.3774835
B13: 1022 | C13: TRATCSP | D13: =_xlfn.XLOOKUP(B13,Apoio!A:A,Apoio!B:B) -> Cultivo | E13: =SUMIFS(Qtde_Oper_Plantio_Tratos!P:P,Qtde_Oper_Plantio_Tratos!$F:$F,'Dimensionamento Tratos (2)'!$B13,Qtde_Oper_Plantio_Tratos!$I:$I,'Dimensionamento Tratos (2)'!$C13) -> 57.05 | F13: =SUMIFS(Qtde_Oper_Plantio_Tratos!Q:Q,Qtde_Oper_Plantio_Tratos!$F:$F,'Dimensionamento Tratos (2)'!$B13,Qtde_Oper_Plantio_Tratos!$I:$I,'Dimensionamento Tratos (2)'!$C13) -> 70.15 | G13: =SUMIFS(Qtde_Oper_Plantio_Tratos!R:R,Qtde_Oper_Plantio_Tratos!$F:$F,'Dimensionamento Tratos (2)'!$B13,Qtde_Oper_Plantio_Tratos!$I:$I,'Dimensionamento Tratos (2)'!$C13) -> 0 | H13: =SUMIFS(Qtde_Oper_Plantio_Tratos!S:S,Qtde_Oper_Plantio_Tratos!$F:$F,'Dimensionamento Tratos (2)'!$B13,Qtde_Oper_Plantio_Tratos!$I:$I,'Dimensionamento Tratos (2)'!$C13) -> 103.64 | I13: =SUMIFS(Qtde_Oper_Plantio_Tratos!T:T,Qtde_Oper_Plantio_Tratos!$F:$F,'Dimensionamento Tratos (2)'!$B13,Qtde_Oper_Plantio_Tratos!$I:$I,'Dimensionamento Tratos (2)'!$C13) -> 57 | J13: =SUMIFS(Qtde_Oper_Plantio_Tratos!U:U,Qtde_Oper_Plantio_Tratos!$F:$F,'Dimensionamento Tratos (2)'!$B13,Qtde_Oper_Plantio_Tratos!$I:$I,'Dimensionamento Tratos (2)'!$C13) -> 16.44 | K13: =SUMIFS(Qtde_Oper_Plantio_Tratos!V:V,Qtde_Oper_Plantio_Tratos!$F:$F,'Dimensionamento Tratos (2)'!$B13,Qtde_Oper_Plantio_Tratos!$I:$I,'Dimensionamento Tratos (2)'!$C13) -> 0.2 | L13: =SUMIFS(Qtde_Oper_Plantio_Tratos!W:W,Qtde_Oper_Plantio_Tratos!$F:$F,'Dimensionamento Tratos (2)'!$B13,Qtde_Oper_Plantio_Tratos!$I:$I,'Dimensionamento Tratos (2)'!$C13) -> 368.65 | M13: =SUMIFS(Qtde_Oper_Plantio_Tratos!X:X,Qtde_Oper_Plantio_Tratos!$F:$F,'Dimensionamento Tratos (2)'!$B13,Qtde_Oper_Plantio_Tratos!$I:$I,'Dimensionamento Tratos (2)'!$C13) -> 0 | N13: =SUMIFS(Qtde_Oper_Plantio_Tratos!Y:Y,Qtde_Oper_Plantio_Tratos!$F:$F,'Dimensionamento Tratos (2)'!$B13,Qtde_Oper_Plantio_Tratos!$I:$I,'Dimensionamento Tratos (2)'!$C13) -> 0 | O13: =SUMIFS(Qtde_Oper_Plantio_Tratos!Z:Z,Qtde_Oper_Plantio_Tratos!$F:$F,'Dimensionamento Tratos (2)'!$B13,Qtde_Oper_Plantio_Tratos!$I:$I,'Dimensionamento Tratos (2)'!$C13) -> 100 | P13: =SUMIFS(Qtde_Oper_Plantio_Tratos!AA:AA,Qtde_Oper_Plantio_Tratos!$F:$F,'Dimensionamento Tratos (2)'!$B13,Qtde_Oper_Plantio_Tratos!$I:$I,'Dimensionamento Tratos (2)'!$C13) -> 100 | Q13: =SUMIFS(Qtde_Oper_Plantio_Tratos!AB:AB,Qtde_Oper_Plantio_Tratos!$F:$F,'Dimensionamento Tratos (2)'!$B13,Qtde_Oper_Plantio_Tratos!$I:$I,'Dimensionamento Tratos (2)'!$C13) -> 873.13
C14: Proprio | D14: Trator_Cultivo | E14: =IF($C14="Proprio",IFERROR(E13/(_xlfn.XLOOKUP(E$6,$E$68:$Q$68,$E$69:$Q$69)*_xlfn.XLOOKUP($B13,$C$52:$C$64,$E$52:$E$64)),0),0) -> 0.40091574 | F14: =IF($C14="Proprio",IFERROR(F13/(_xlfn.XLOOKUP(F$6,$E$68:$Q$68,$E$69:$Q$69)*_xlfn.XLOOKUP($B13,$C$52:$C$64,$E$52:$E$64)),0),0) -> 0.4478285 | G14: =IF($C14="Proprio",IFERROR(G13/(_xlfn.XLOOKUP(G$6,$E$68:$Q$68,$E$69:$Q$69)*_xlfn.XLOOKUP($B13,$C$52:$C$64,$E$52:$E$64)),0),0) -> 0 | H14: =IF($C14="Proprio",IFERROR(H13/(_xlfn.XLOOKUP(H$6,$E$68:$Q$68,$E$69:$Q$69)*_xlfn.XLOOKUP($B13,$C$52:$C$64,$E$52:$E$64)),0),0) -> 0.58733984 | I14: =IF($C14="Proprio",IFERROR(I13/(_xlfn.XLOOKUP(I$6,$E$68:$Q$68,$E$69:$Q$69)*_xlfn.XLOOKUP($B13,$C$52:$C$64,$E$52:$E$64)),0),0) -> 0.32806622 | J14: =IF($C14="Proprio",IFERROR(J13/(_xlfn.XLOOKUP(J$6,$E$68:$Q$68,$E$69:$Q$69)*_xlfn.XLOOKUP($B13,$C$52:$C$64,$E$52:$E$64)),0),0) -> 0.10441362 | K14: =IF($C14="Proprio",IFERROR(K13/(_xlfn.XLOOKUP(K$6,$E$68:$Q$68,$E$69:$Q$69)*_xlfn.XLOOKUP($B13,$C$52:$C$64,$E$52:$E$64)),0),0) -> 0.0014230486 | L14: =IF($C14="Proprio",IFERROR(L13/(_xlfn.XLOOKUP(L$6,$E$68:$Q$68,$E$69:$Q$69)*_xlfn.XLOOKUP($B13,$C$52:$C$64,$E$52:$E$64)),0),0) -> 2.9324174 | ... P14: =IF($C14="Proprio",IFERROR(P13/(_xlfn.XLOOKUP(P$6,$E$68:$Q$68,$E$69:$Q$69)*_xlfn.XLOOKUP($B13,$C$52:$C$64,$E$52:$E$64)),0),0) -> 0.91827365 | Q14: =IFERROR(Q13/(_xlfn.XLOOKUP(Q$6,$E$68:$Q$68,$E$69:$Q$69)*_xlfn.XLOOKUP($B13,$C$52:$C$64,$E$52:$E$64)),0) -> 0.56234846
B15: 1022 | C15: TRATCSF | D15: =_xlfn.XLOOKUP(B15,Apoio!A:A,Apoio!B:B) -> Cultivo | E15: =SUMIFS(Qtde_Oper_Plantio_Tratos!P:P,Qtde_Oper_Plantio_Tratos!$F:$F,'Dimensionamento Tratos (2)'!$B15,Qtde_Oper_Plantio_Tratos!$I:$I,'Dimensionamento Tratos (2)'!$C15) -> 0 | F15: =SUMIFS(Qtde_Oper_Plantio_Tratos!Q:Q,Qtde_Oper_Plantio_Tratos!$F:$F,'Dimensionamento Tratos (2)'!$B15,Qtde_Oper_Plantio_Tratos!$I:$I,'Dimensionamento Tratos (2)'!$C15) -> 0 | G15: =SUMIFS(Qtde_Oper_Plantio_Tratos!R:R,Qtde_Oper_Plantio_Tratos!$F:$F,'Dimensionamento Tratos (2)'!$B15,Qtde_Oper_Plantio_Tratos!$I:$I,'Dimensionamento Tratos (2)'!$C15) -> 100 | H15: =SUMIFS(Qtde_Oper_Plantio_Tratos!S:S,Qtde_Oper_Plantio_Tratos!$F:$F,'Dimensionamento Tratos (2)'!$B15,Qtde_Oper_Plantio_Tratos!$I:$I,'Dimensionamento Tratos (2)'!$C15) -> 0 | I15: =SUMIFS(Qtde_Oper_Plantio_Tratos!T:T,Qtde_Oper_Plantio_Tratos!$F:$F,'Dimensionamento Tratos (2)'!$B15,Qtde_Oper_Plantio_Tratos!$I:$I,'Dimensionamento Tratos (2)'!$C15) -> 100 | J15: =SUMIFS(Qtde_Oper_Plantio_Tratos!U:U,Qtde_Oper_Plantio_Tratos!$F:$F,'Dimensionamento Tratos (2)'!$B15,Qtde_Oper_Plantio_Tratos!$I:$I,'Dimensionamento Tratos (2)'!$C15) -> 100 | K15: =SUMIFS(Qtde_Oper_Plantio_Tratos!V:V,Qtde_Oper_Plantio_Tratos!$F:$F,'Dimensionamento Tratos (2)'!$B15,Qtde_Oper_Plantio_Tratos!$I:$I,'Dimensionamento Tratos (2)'!$C15) -> 100 | L15: =SUMIFS(Qtde_Oper_Plantio_Tratos!W:W,Qtde_Oper_Plantio_Tratos!$F:$F,'Dimensionamento Tratos (2)'!$B15,Qtde_Oper_Plantio_Tratos!$I:$I,'Dimensionamento Tratos (2)'!$C15) -> 0 | M15: =SUMIFS(Qtde_Oper_Plantio_Tratos!X:X,Qtde_Oper_Plantio_Tratos!$F:$F,'Dimensionamento Tratos (2)'!$B15,Qtde_Oper_Plantio_Tratos!$I:$I,'Dimensionamento Tratos (2)'!$C15) -> 0 | N15: =SUMIFS(Qtde_Oper_Plantio_Tratos!Y:Y,Qtde_Oper_Plantio_Tratos!$F:$F,'Dimensionamento Tratos (2)'!$B15,Qtde_Oper_Plantio_Tratos!$I:$I,'Dimensionamento Tratos (2)'!$C15) -> 0 | O15: =SUMIFS(Qtde_Oper_Plantio_Tratos!Z:Z,Qtde_Oper_Plantio_Tratos!$F:$F,'Dimensionamento Tratos (2)'!$B15,Qtde_Oper_Plantio_Tratos!$I:$I,'Dimensionamento Tratos (2)'!$C15) -> 0 | P15: =SUMIFS(Qtde_Oper_Plantio_Tratos!AA:AA,Qtde_Oper_Plantio_Tratos!$F:$F,'Dimensionamento Tratos (2)'!$B15,Qtde_Oper_Plantio_Tratos!$I:$I,'Dimensionamento Tratos (2)'!$C15) -> 0 | Q15: =SUM(E15:P15) -> 400
C16: Proprio | D16: Trator_Correção Solo | E16: =IF($C16="Proprio",IFERROR(E15/(_xlfn.XLOOKUP(E$6,$E$68:$Q$68,$E$69:$Q$69)*_xlfn.XLOOKUP($B15,$C$52:$C$64,$E$52:$E$64)),0),0) -> 0 | F16: =IF($C16="Proprio",IFERROR(F15/(_xlfn.XLOOKUP(F$6,$E$68:$Q$68,$E$69:$Q$69)*_xlfn.XLOOKUP($B15,$C$52:$C$64,$E$52:$E$64)),0),0) -> 0 | G16: =IF($C16="Proprio",IFERROR(G15/(_xlfn.XLOOKUP(G$6,$E$68:$Q$68,$E$69:$Q$69)*_xlfn.XLOOKUP($B15,$C$52:$C$64,$E$52:$E$64)),0),0) -> 0.61895015 | H16: =IF($C16="Proprio",IFERROR(H15/(_xlfn.XLOOKUP(H$6,$E$68:$Q$68,$E$69:$Q$69)*_xlfn.XLOOKUP($B15,$C$52:$C$64,$E$52:$E$64)),0),0) -> 0 | I16: =IF($C16="Proprio",IFERROR(I15/(_xlfn.XLOOKUP(I$6,$E$68:$Q$68,$E$69:$Q$69)*_xlfn.XLOOKUP($B15,$C$52:$C$64,$E$52:$E$64)),0),0) -> 0.57555477 | J16: =IF($C16="Proprio",IFERROR(J15/(_xlfn.XLOOKUP(J$6,$E$68:$Q$68,$E$69:$Q$69)*_xlfn.XLOOKUP($B15,$C$52:$C$64,$E$52:$E$64)),0),0) -> 0.63511934 | K16: =IF($C16="Proprio",IFERROR(K15/(_xlfn.XLOOKUP(K$6,$E$68:$Q$68,$E$69:$Q$69)*_xlfn.XLOOKUP($B15,$C$52:$C$64,$E$52:$E$64)),0),0) -> 0.71152429 | L16: =IF($C16="Proprio",IFERROR(L15/(_xlfn.XLOOKUP(L$6,$E$68:$Q$68,$E$69:$Q$69)*_xlfn.XLOOKUP($B15,$C$52:$C$64,$E$52:$E$64)),0),0) -> 0 | ... P16: =IF($C16="Proprio",IFERROR(P15/(_xlfn.XLOOKUP(P$6,$E$68:$Q$68,$E$69:$Q$69)*_xlfn.XLOOKUP($B15,$C$52:$C$64,$E$52:$E$64)),0),0) -> 0 | Q16: =IFERROR(Q15/(_xlfn.XLOOKUP(Q$6,$E$68:$Q$68,$E$69:$Q$69)*_xlfn.XLOOKUP($B15,$C$52:$C$64,$E$52:$E$64)),0) -> 0.25762416
B17: 1078 | C17: TRATCSP | D17: =_xlfn.XLOOKUP(B17,Apoio!A:A,Apoio!B:B) -> 2ª Aplicação De Herbicida | E17: =SUMIFS(Qtde_Oper_Plantio_Tratos!P:P,Qtde_Oper_Plantio_Tratos!$F:$F,'Dimensionamento Tratos (2)'!$B17,Qtde_Oper_Plantio_Tratos!$I:$I,'Dimensionamento Tratos (2)'!$C17) -> 0 | F17: =SUMIFS(Qtde_Oper_Plantio_Tratos!Q:Q,Qtde_Oper_Plantio_Tratos!$F:$F,'Dimensionamento Tratos (2)'!$B17,Qtde_Oper_Plantio_Tratos!$I:$I,'Dimensionamento Tratos (2)'!$C17) -> 0 | G17: =SUMIFS(Qtde_Oper_Plantio_Tratos!R:R,Qtde_Oper_Plantio_Tratos!$F:$F,'Dimensionamento Tratos (2)'!$B17,Qtde_Oper_Plantio_Tratos!$I:$I,'Dimensionamento Tratos (2)'!$C17) -> 554.638 | H17: =SUMIFS(Qtde_Oper_Plantio_Tratos!S:S,Qtde_Oper_Plantio_Tratos!$F:$F,'Dimensionamento Tratos (2)'!$B17,Qtde_Oper_Plantio_Tratos!$I:$I,'Dimensionamento Tratos (2)'!$C17) -> 0 | I17: =SUMIFS(Qtde_Oper_Plantio_Tratos!T:T,Qtde_Oper_Plantio_Tratos!$F:$F,'Dimensionamento Tratos (2)'!$B17,Qtde_Oper_Plantio_Tratos!$I:$I,'Dimensionamento Tratos (2)'!$C17) -> 523.649 | J17: =SUMIFS(Qtde_Oper_Plantio_Tratos!U:U,Qtde_Oper_Plantio_Tratos!$F:$F,'Dimensionamento Tratos (2)'!$B17,Qtde_Oper_Plantio_Tratos!$I:$I,'Dimensionamento Tratos (2)'!$C17) -> 580.937 | K17: =SUMIFS(Qtde_Oper_Plantio_Tratos!V:V,Qtde_Oper_Plantio_Tratos!$F:$F,'Dimensionamento Tratos (2)'!$B17,Qtde_Oper_Plantio_Tratos!$I:$I,'Dimensionamento Tratos (2)'!$C17) -> 600 | L17: =SUMIFS(Qtde_Oper_Plantio_Tratos!W:W,Qtde_Oper_Plantio_Tratos!$F:$F,'Dimensionamento Tratos (2)'!$B17,Qtde_Oper_Plantio_Tratos!$I:$I,'Dimensionamento Tratos (2)'!$C17) -> 310 | M17: =SUMIFS(Qtde_Oper_Plantio_Tratos!X:X,Qtde_Oper_Plantio_Tratos!$F:$F,'Dimensionamento Tratos (2)'!$B17,Qtde_Oper_Plantio_Tratos!$I:$I,'Dimensionamento Tratos (2)'!$C17) -> 250 | N17: =SUMIFS(Qtde_Oper_Plantio_Tratos!Y:Y,Qtde_Oper_Plantio_Tratos!$F:$F,'Dimensionamento Tratos (2)'!$B17,Qtde_Oper_Plantio_Tratos!$I:$I,'Dimensionamento Tratos (2)'!$C17) -> 250 | O17: =SUMIFS(Qtde_Oper_Plantio_Tratos!Z:Z,Qtde_Oper_Plantio_Tratos!$F:$F,'Dimensionamento Tratos (2)'!$B17,Qtde_Oper_Plantio_Tratos!$I:$I,'Dimensionamento Tratos (2)'!$C17) -> 250 | P17: =SUMIFS(Qtde_Oper_Plantio_Tratos!AA:AA,Qtde_Oper_Plantio_Tratos!$F:$F,'Dimensionamento Tratos (2)'!$B17,Qtde_Oper_Plantio_Tratos!$I:$I,'Dimensionamento Tratos (2)'!$C17) -> 250 | Q17: =SUMIFS(Qtde_Oper_Plantio_Tratos!AB:AB,Qtde_Oper_Plantio_Tratos!$F:$F,'Dimensionamento Tratos (2)'!$B17,Qtde_Oper_Plantio_Tratos!$I:$I,'Dimensionamento Tratos (2)'!$C17) -> 3569.224
C18: Proprio | D18: Trator Tratos | E18: =IF($C18="Proprio",IFERROR(E17/(_xlfn.XLOOKUP(E$6,$E$68:$Q$68,$E$69:$Q$69)*_xlfn.XLOOKUP($B17,$C$52:$C$64,$E$52:$E$64)),0),0) -> 0 | F18: =IF($C18="Proprio",IFERROR(F17/(_xlfn.XLOOKUP(F$6,$E$68:$Q$68,$E$69:$Q$69)*_xlfn.XLOOKUP($B17,$C$52:$C$64,$E$52:$E$64)),0),0) -> 0 | G18: =IF($C18="Proprio",IFERROR(G17/(_xlfn.XLOOKUP(G$6,$E$68:$Q$68,$E$69:$Q$69)*_xlfn.XLOOKUP($B17,$C$52:$C$64,$E$52:$E$64)),0),0) -> 0.33807775 | H18: =IF($C18="Proprio",IFERROR(H17/(_xlfn.XLOOKUP(H$6,$E$68:$Q$68,$E$69:$Q$69)*_xlfn.XLOOKUP($B17,$C$52:$C$64,$E$52:$E$64)),0),0) -> 0 | I18: =IF($C18="Proprio",IFERROR(I17/(_xlfn.XLOOKUP(I$6,$E$68:$Q$68,$E$69:$Q$69)*_xlfn.XLOOKUP($B17,$C$52:$C$64,$E$52:$E$64)),0),0) -> 0.29680979 | J18: =IF($C18="Proprio",IFERROR(J17/(_xlfn.XLOOKUP(J$6,$E$68:$Q$68,$E$69:$Q$69)*_xlfn.XLOOKUP($B17,$C$52:$C$64,$E$52:$E$64)),0),0) -> 0.36335879 | K18: =IF($C18="Proprio",IFERROR(K17/(_xlfn.XLOOKUP(K$6,$E$68:$Q$68,$E$69:$Q$69)*_xlfn.XLOOKUP($B17,$C$52:$C$64,$E$52:$E$64)),0),0) -> 0.42042862 | L18: =IF($C18="Proprio",IFERROR(L17/(_xlfn.XLOOKUP(L$6,$E$68:$Q$68,$E$69:$Q$69)*_xlfn.XLOOKUP($B17,$C$52:$C$64,$E$52:$E$64)),0),0) -> 0.24284241 | ... P18: =IF($C18="Proprio",IFERROR(P17/(_xlfn.XLOOKUP(P$6,$E$68:$Q$68,$E$69:$Q$69)*_xlfn.XLOOKUP($B17,$C$52:$C$64,$E$52:$E$64)),0),0) -> 0.22608067 | Q18: =IFERROR(Q17/(_xlfn.XLOOKUP(Q$6,$E$68:$Q$68,$E$69:$Q$69)*_xlfn.XLOOKUP($B17,$C$52:$C$64,$E$52:$E$64)),0) -> 0.22638711
B19: 1031 | C19: TRATCSF | D19: =_xlfn.XLOOKUP(B19,Apoio!A:A,Apoio!B:B) -> 1ª Aplicação De Herbicida | E19: =SUMIFS(Qtde_Oper_Plantio_Tratos!P:P,Qtde_Oper_Plantio_Tratos!$F:$F,'Dimensionamento Tratos (2)'!$B19,Qtde_Oper_Plantio_Tratos!$I:$I,'Dimensionamento Tratos (2)'!$C19) -> 0 | F19: =SUMIFS(Qtde_Oper_Plantio_Tratos!Q:Q,Qtde_Oper_Plantio_Tratos!$F:$F,'Dimensionamento Tratos (2)'!$B19,Qtde_Oper_Plantio_Tratos!$I:$I,'Dimensionamento Tratos (2)'!$C19) -> 0 | G19: =SUMIFS(Qtde_Oper_Plantio_Tratos!R:R,Qtde_Oper_Plantio_Tratos!$F:$F,'Dimensionamento Tratos (2)'!$B19,Qtde_Oper_Plantio_Tratos!$I:$I,'Dimensionamento Tratos (2)'!$C19) -> 100 | H19: =SUMIFS(Qtde_Oper_Plantio_Tratos!S:S,Qtde_Oper_Plantio_Tratos!$F:$F,'Dimensionamento Tratos (2)'!$B19,Qtde_Oper_Plantio_Tratos!$I:$I,'Dimensionamento Tratos (2)'!$C19) -> 0 | I19: =SUMIFS(Qtde_Oper_Plantio_Tratos!T:T,Qtde_Oper_Plantio_Tratos!$F:$F,'Dimensionamento Tratos (2)'!$B19,Qtde_Oper_Plantio_Tratos!$I:$I,'Dimensionamento Tratos (2)'!$C19) -> 100 | J19: =SUMIFS(Qtde_Oper_Plantio_Tratos!U:U,Qtde_Oper_Plantio_Tratos!$F:$F,'Dimensionamento Tratos (2)'!$B19,Qtde_Oper_Plantio_Tratos!$I:$I,'Dimensionamento Tratos (2)'!$C19) -> 100 | K19: =SUMIFS(Qtde_Oper_Plantio_Tratos!V:V,Qtde_Oper_Plantio_Tratos!$F:$F,'Dimensionamento Tratos (2)'!$B19,Qtde_Oper_Plantio_Tratos!$I:$I,'Dimensionamento Tratos (2)'!$C19) -> 100 | L19: =SUMIFS(Qtde_Oper_Plantio_Tratos!W:W,Qtde_Oper_Plantio_Tratos!$F:$F,'Dimensionamento Tratos (2)'!$B19,Qtde_Oper_Plantio_Tratos!$I:$I,'Dimensionamento Tratos (2)'!$C19) -> 0 | M19: =SUMIFS(Qtde_Oper_Plantio_Tratos!X:X,Qtde_Oper_Plantio_Tratos!$F:$F,'Dimensionamento Tratos (2)'!$B19,Qtde_Oper_Plantio_Tratos!$I:$I,'Dimensionamento Tratos (2)'!$C19) -> 0 | N19: =SUMIFS(Qtde_Oper_Plantio_Tratos!Y:Y,Qtde_Oper_Plantio_Tratos!$F:$F,'Dimensionamento Tratos (2)'!$B19,Qtde_Oper_Plantio_Tratos!$I:$I,'Dimensionamento Tratos (2)'!$C19) -> 0 | O19: =SUMIFS(Qtde_Oper_Plantio_Tratos!Z:Z,Qtde_Oper_Plantio_Tratos!$F:$F,'Dimensionamento Tratos (2)'!$B19,Qtde_Oper_Plantio_Tratos!$I:$I,'Dimensionamento Tratos (2)'!$C19) -> 0 | P19: =SUMIFS(Qtde_Oper_Plantio_Tratos!AA:AA,Qtde_Oper_Plantio_Tratos!$F:$F,'Dimensionamento Tratos (2)'!$B19,Qtde_Oper_Plantio_Tratos!$I:$I,'Dimensionamento Tratos (2)'!$C19) -> 0 | Q19: =SUM(E19:P19) -> 400
C20: Proprio | E20: =IF($C20="Proprio",IFERROR(E19/(_xlfn.XLOOKUP(E$6,$E$68:$Q$68,$E$69:$Q$69)*_xlfn.XLOOKUP($B19,$C$52:$C$64,$E$52:$E$64)),0),0) -> 0 | F20: =IF($C20="Proprio",IFERROR(F19/(_xlfn.XLOOKUP(F$6,$E$68:$Q$68,$E$69:$Q$69)*_xlfn.XLOOKUP($B19,$C$52:$C$64,$E$52:$E$64)),0),0) -> 0 | G20: =IF($C20="Proprio",IFERROR(G19/(_xlfn.XLOOKUP(G$6,$E$68:$Q$68,$E$69:$Q$69)*_xlfn.XLOOKUP($B19,$C$52:$C$64,$E$52:$E$64)),0),0) -> 0.047400613 | H20: =IF($C20="Proprio",IFERROR(H19/(_xlfn.XLOOKUP(H$6,$E$68:$Q$68,$E$69:$Q$69)*_xlfn.XLOOKUP($B19,$C$52:$C$64,$E$52:$E$64)),0),0) -> 0 | I20: =IF($C20="Proprio",IFERROR(I19/(_xlfn.XLOOKUP(I$6,$E$68:$Q$68,$E$69:$Q$69)*_xlfn.XLOOKUP($B19,$C$52:$C$64,$E$52:$E$64)),0),0) -> 0.044077296 | J20: =IF($C20="Proprio",IFERROR(J19/(_xlfn.XLOOKUP(J$6,$E$68:$Q$68,$E$69:$Q$69)*_xlfn.XLOOKUP($B19,$C$52:$C$64,$E$52:$E$64)),0),0) -> 0.048638886 | K20: =IF($C20="Proprio",IFERROR(K19/(_xlfn.XLOOKUP(K$6,$E$68:$Q$68,$E$69:$Q$69)*_xlfn.XLOOKUP($B19,$C$52:$C$64,$E$52:$E$64)),0),0) -> 0.054490151 | L20: =IF($C20="Proprio",IFERROR(L19/(_xlfn.XLOOKUP(L$6,$E$68:$Q$68,$E$69:$Q$69)*_xlfn.XLOOKUP($B19,$C$52:$C$64,$E$52:$E$64)),0),0) -> 0 | ... P20: =IF($C20="Proprio",IFERROR(P19/(_xlfn.XLOOKUP(P$6,$E$68:$Q$68,$E$69:$Q$69)*_xlfn.XLOOKUP($B19,$C$52:$C$64,$E$52:$E$64)),0),0) -> 0 | Q20: =IFERROR(Q19/(_xlfn.XLOOKUP(Q$6,$E$68:$Q$68,$E$69:$Q$69)*_xlfn.XLOOKUP($B19,$C$52:$C$64,$E$52:$E$64)),0) -> 0.019729445
B21: 1032 | C21: TRATCSP | D21: =_xlfn.XLOOKUP(B21,Apoio!A:A,Apoio!B:B) -> Aplicação De Inseticida | E21: =SUMIFS(Qtde_Oper_Plantio_Tratos!P:P,Qtde_Oper_Plantio_Tratos!$F:$F,'Dimensionamento Tratos (2)'!$B21,Qtde_Oper_Plantio_Tratos!$I:$I,'Dimensionamento Tratos (2)'!$C21) -> 149.03 | F21: =SUMIFS(Qtde_Oper_Plantio_Tratos!Q:Q,Qtde_Oper_Plantio_Tratos!$F:$F,'Dimensionamento Tratos (2)'!$B21,Qtde_Oper_Plantio_Tratos!$I:$I,'Dimensionamento Tratos (2)'!$C21) -> 411.48 | G21: =SUMIFS(Qtde_Oper_Plantio_Tratos!R:R,Qtde_Oper_Plantio_Tratos!$F:$F,'Dimensionamento Tratos (2)'!$B21,Qtde_Oper_Plantio_Tratos!$I:$I,'Dimensionamento Tratos (2)'!$C21) -> 211.61 | H21: =SUMIFS(Qtde_Oper_Plantio_Tratos!S:S,Qtde_Oper_Plantio_Tratos!$F:$F,'Dimensionamento Tratos (2)'!$B21,Qtde_Oper_Plantio_Tratos!$I:$I,'Dimensionamento Tratos (2)'!$C21) -> 9.96 | I21: =SUMIFS(Qtde_Oper_Plantio_Tratos!T:T,Qtde_Oper_Plantio_Tratos!$F:$F,'Dimensionamento Tratos (2)'!$B21,Qtde_Oper_Plantio_Tratos!$I:$I,'Dimensionamento Tratos (2)'!$C21) -> 106.19 | J21: =SUMIFS(Qtde_Oper_Plantio_Tratos!U:U,Qtde_Oper_Plantio_Tratos!$F:$F,'Dimensionamento Tratos (2)'!$B21,Qtde_Oper_Plantio_Tratos!$I:$I,'Dimensionamento Tratos (2)'!$C21) -> 65.32 | K21: =SUMIFS(Qtde_Oper_Plantio_Tratos!V:V,Qtde_Oper_Plantio_Tratos!$F:$F,'Dimensionamento Tratos (2)'!$B21,Qtde_Oper_Plantio_Tratos!$I:$I,'Dimensionamento Tratos (2)'!$C21) -> 511.76 | L21: =SUMIFS(Qtde_Oper_Plantio_Tratos!W:W,Qtde_Oper_Plantio_Tratos!$F:$F,'Dimensionamento Tratos (2)'!$B21,Qtde_Oper_Plantio_Tratos!$I:$I,'Dimensionamento Tratos (2)'!$C21) -> 10.95 | M21: =SUMIFS(Qtde_Oper_Plantio_Tratos!X:X,Qtde_Oper_Plantio_Tratos!$F:$F,'Dimensionamento Tratos (2)'!$B21,Qtde_Oper_Plantio_Tratos!$I:$I,'Dimensionamento Tratos (2)'!$C21) -> 0 | N21: =SUMIFS(Qtde_Oper_Plantio_Tratos!Y:Y,Qtde_Oper_Plantio_Tratos!$F:$F,'Dimensionamento Tratos (2)'!$B21,Qtde_Oper_Plantio_Tratos!$I:$I,'Dimensionamento Tratos (2)'!$C21) -> 0 | O21: =SUMIFS(Qtde_Oper_Plantio_Tratos!Z:Z,Qtde_Oper_Plantio_Tratos!$F:$F,'Dimensionamento Tratos (2)'!$B21,Qtde_Oper_Plantio_Tratos!$I:$I,'Dimensionamento Tratos (2)'!$C21) -> 0 | P21: =SUMIFS(Qtde_Oper_Plantio_Tratos!AA:AA,Qtde_Oper_Plantio_Tratos!$F:$F,'Dimensionamento Tratos (2)'!$B21,Qtde_Oper_Plantio_Tratos!$I:$I,'Dimensionamento Tratos (2)'!$C21) -> 0 | Q21: =SUMIFS(Qtde_Oper_Plantio_Tratos!AB:AB,Qtde_Oper_Plantio_Tratos!$F:$F,'Dimensionamento Tratos (2)'!$B21,Qtde_Oper_Plantio_Tratos!$I:$I,'Dimensionamento Tratos (2)'!$C21) -> 1476.3
C22: Proprio | E22: =IF($C22="Proprio",IFERROR(E21/(_xlfn.XLOOKUP(E$6,$E$68:$Q$68,$E$69:$Q$69)*_xlfn.XLOOKUP($B21,$C$52:$C$64,$E$52:$E$64)),0),0) -> 0.078547511 | F22: =IF($C22="Proprio",IFERROR(F21/(_xlfn.XLOOKUP(F$6,$E$68:$Q$68,$E$69:$Q$69)*_xlfn.XLOOKUP($B21,$C$52:$C$64,$E$52:$E$64)),0),0) -> 0.19701262 | G22: =IF($C22="Proprio",IFERROR(G21/(_xlfn.XLOOKUP(G$6,$E$68:$Q$68,$E$69:$Q$69)*_xlfn.XLOOKUP($B21,$C$52:$C$64,$E$52:$E$64)),0),0) -> 0.098232031 | H22: =IF($C22="Proprio",IFERROR(H21/(_xlfn.XLOOKUP(H$6,$E$68:$Q$68,$E$69:$Q$69)*_xlfn.XLOOKUP($B21,$C$52:$C$64,$E$52:$E$64)),0),0) -> 0.0042333352 | I22: =IF($C22="Proprio",IFERROR(I21/(_xlfn.XLOOKUP(I$6,$E$68:$Q$68,$E$69:$Q$69)*_xlfn.XLOOKUP($B21,$C$52:$C$64,$E$52:$E$64)),0),0) -> 0.045838621 | J22: =IF($C22="Proprio",IFERROR(J21/(_xlfn.XLOOKUP(J$6,$E$68:$Q$68,$E$69:$Q$69)*_xlfn.XLOOKUP($B21,$C$52:$C$64,$E$52:$E$64)),0),0) -> 0.031114497 | K22: =IF($C22="Proprio",IFERROR(K21/(_xlfn.XLOOKUP(K$6,$E$68:$Q$68,$E$69:$Q$69)*_xlfn.XLOOKUP($B21,$C$52:$C$64,$E$52:$E$64)),0),0) -> 0.27309725 | L22: =IF($C22="Proprio",IFERROR(L21/(_xlfn.XLOOKUP(L$6,$E$68:$Q$68,$E$69:$Q$69)*_xlfn.XLOOKUP($B21,$C$52:$C$64,$E$52:$E$64)),0),0) -> 0.0065326131 | ... P22: =IF($C22="Proprio",IFERROR(P21/(_xlfn.XLOOKUP(P$6,$E$68:$Q$68,$E$69:$Q$69)*_xlfn.XLOOKUP($B21,$C$52:$C$64,$E$52:$E$64)),0),0) -> 0 | Q22: =IFERROR(Q21/(_xlfn.XLOOKUP(Q$6,$E$68:$Q$68,$E$69:$Q$69)*_xlfn.XLOOKUP($B21,$C$52:$C$64,$E$52:$E$64)),0) -> 0.071311978
B23: 1090 | C23: TRATCSP | D23: =_xlfn.XLOOKUP(B23,Apoio!A:A,Apoio!B:B) -> Repasse Aplicação Herbicida | E23: =SUMIFS(Qtde_Oper_Plantio_Tratos!P:P,Qtde_Oper_Plantio_Tratos!$F:$F,'Dimensionamento Tratos (2)'!$B23,Qtde_Oper_Plantio_Tratos!$I:$I,'Dimensionamento Tratos (2)'!$C23) -> 105 | F23: =SUMIFS(Qtde_Oper_Plantio_Tratos!Q:Q,Qtde_Oper_Plantio_Tratos!$F:$F,'Dimensionamento Tratos (2)'!$B23,Qtde_Oper_Plantio_Tratos!$I:$I,'Dimensionamento Tratos (2)'!$C23) -> 98 | G23: =SUMIFS(Qtde_Oper_Plantio_Tratos!R:R,Qtde_Oper_Plantio_Tratos!$F:$F,'Dimensionamento Tratos (2)'!$B23,Qtde_Oper_Plantio_Tratos!$I:$I,'Dimensionamento Tratos (2)'!$C23) -> 63 | H23: =SUMIFS(Qtde_Oper_Plantio_Tratos!S:S,Qtde_Oper_Plantio_Tratos!$F:$F,'Dimensionamento Tratos (2)'!$B23,Qtde_Oper_Plantio_Tratos!$I:$I,'Dimensionamento Tratos (2)'!$C23) -> 100 | I23: =SUMIFS(Qtde_Oper_Plantio_Tratos!T:T,Qtde_Oper_Plantio_Tratos!$F:$F,'Dimensionamento Tratos (2)'!$B23,Qtde_Oper_Plantio_Tratos!$I:$I,'Dimensionamento Tratos (2)'!$C23) -> 100 | J23: =SUMIFS(Qtde_Oper_Plantio_Tratos!U:U,Qtde_Oper_Plantio_Tratos!$F:$F,'Dimensionamento Tratos (2)'!$B23,Qtde_Oper_Plantio_Tratos!$I:$I,'Dimensionamento Tratos (2)'!$C23) -> 84 | K23: =SUMIFS(Qtde_Oper_Plantio_Tratos!V:V,Qtde_Oper_Plantio_Tratos!$F:$F,'Dimensionamento Tratos (2)'!$B23,Qtde_Oper_Plantio_Tratos!$I:$I,'Dimensionamento Tratos (2)'!$C23) -> 196 | L23: =SUMIFS(Qtde_Oper_Plantio_Tratos!W:W,Qtde_Oper_Plantio_Tratos!$F:$F,'Dimensionamento Tratos (2)'!$B23,Qtde_Oper_Plantio_Tratos!$I:$I,'Dimensionamento Tratos (2)'!$C23) -> 0 | M23: =SUMIFS(Qtde_Oper_Plantio_Tratos!X:X,Qtde_Oper_Plantio_Tratos!$F:$F,'Dimensionamento Tratos (2)'!$B23,Qtde_Oper_Plantio_Tratos!$I:$I,'Dimensionamento Tratos (2)'!$C23) -> 100 | N23: =SUMIFS(Qtde_Oper_Plantio_Tratos!Y:Y,Qtde_Oper_Plantio_Tratos!$F:$F,'Dimensionamento Tratos (2)'!$B23,Qtde_Oper_Plantio_Tratos!$I:$I,'Dimensionamento Tratos (2)'!$C23) -> 100 | O23: =SUMIFS(Qtde_Oper_Plantio_Tratos!Z:Z,Qtde_Oper_Plantio_Tratos!$F:$F,'Dimensionamento Tratos (2)'!$B23,Qtde_Oper_Plantio_Tratos!$I:$I,'Dimensionamento Tratos (2)'!$C23) -> 100 | P23: =SUMIFS(Qtde_Oper_Plantio_Tratos!AA:AA,Qtde_Oper_Plantio_Tratos!$F:$F,'Dimensionamento Tratos (2)'!$B23,Qtde_Oper_Plantio_Tratos!$I:$I,'Dimensionamento Tratos (2)'!$C23) -> 100 | Q23: =SUM(E23:P23) -> 1146
C24: Proprio | E24: =IF($C24="Proprio",IFERROR(E23/(_xlfn.XLOOKUP(E$6,$E$68:$Q$68,$E$69:$Q$69)*_xlfn.XLOOKUP($B23,$C$52:$C$64,$E$52:$E$64)),0),0) -> 0.24573493 | F24: =IF($C24="Proprio",IFERROR(F23/(_xlfn.XLOOKUP(F$6,$E$68:$Q$68,$E$69:$Q$69)*_xlfn.XLOOKUP($B23,$C$52:$C$64,$E$52:$E$64)),0),0) -> 0.20834844 | G24: =IF($C24="Proprio",IFERROR(G23/(_xlfn.XLOOKUP(G$6,$E$68:$Q$68,$E$69:$Q$69)*_xlfn.XLOOKUP($B23,$C$52:$C$64,$E$52:$E$64)),0),0) -> 0.12986028 | H24: =IF($C24="Proprio",IFERROR(H23/(_xlfn.XLOOKUP(H$6,$E$68:$Q$68,$E$69:$Q$69)*_xlfn.XLOOKUP($B23,$C$52:$C$64,$E$52:$E$64)),0),0) -> 0.18873054 | I24: =IF($C24="Proprio",IFERROR(I23/(_xlfn.XLOOKUP(I$6,$E$68:$Q$68,$E$69:$Q$69)*_xlfn.XLOOKUP($B23,$C$52:$C$64,$E$52:$E$64)),0),0) -> 0.19167558 | J24: =IF($C24="Proprio",IFERROR(J23/(_xlfn.XLOOKUP(J$6,$E$68:$Q$68,$E$69:$Q$69)*_xlfn.XLOOKUP($B23,$C$52:$C$64,$E$52:$E$64)),0),0) -> 0.17767027 | K24: =IF($C24="Proprio",IFERROR(K23/(_xlfn.XLOOKUP(K$6,$E$68:$Q$68,$E$69:$Q$69)*_xlfn.XLOOKUP($B23,$C$52:$C$64,$E$52:$E$64)),0),0) -> 0.46443606 | L24: =IF($C24="Proprio",IFERROR(L23/(_xlfn.XLOOKUP(L$6,$E$68:$Q$68,$E$69:$Q$69)*_xlfn.XLOOKUP($B23,$C$52:$C$64,$E$52:$E$64)),0),0) -> 0 | ... P24: =IF($C24="Proprio",IFERROR(P23/(_xlfn.XLOOKUP(P$6,$E$68:$Q$68,$E$69:$Q$69)*_xlfn.XLOOKUP($B23,$C$52:$C$64,$E$52:$E$64)),0),0) -> 0.3058104 | Q24: =IFERROR(Q23/(_xlfn.XLOOKUP(Q$6,$E$68:$Q$68,$E$69:$Q$69)*_xlfn.XLOOKUP($B23,$C$52:$C$64,$E$52:$E$64)),0) -> 0.24580536
B25: 1091 | C25: TRATCSP | D25: =_xlfn.XLOOKUP(B25,Apoio!A:A,Apoio!B:B) -> Aplic. Herb Man - Cat. Quimíca | E25: =SUMIFS(Qtde_Oper_Plantio_Tratos!P:P,Qtde_Oper_Plantio_Tratos!$F:$F,'Dimensionamento Tratos (2)'!$B25,Qtde_Oper_Plantio_Tratos!$I:$I,'Dimensionamento Tratos (2)'!$C25) -> 177.2696 | F25: =SUMIFS(Qtde_Oper_Plantio_Tratos!Q:Q,Qtde_Oper_Plantio_Tratos!$F:$F,'Dimensionamento Tratos (2)'!$B25,Qtde_Oper_Plantio_Tratos!$I:$I,'Dimensionamento Tratos (2)'!$C25) -> 308.2264 | G25: =SUMIFS(Qtde_Oper_Plantio_Tratos!R:R,Qtde_Oper_Plantio_Tratos!$F:$F,'Dimensionamento Tratos (2)'!$B25,Qtde_Oper_Plantio_Tratos!$I:$I,'Dimensionamento Tratos (2)'!$C25) -> 126.7744 | H25: =SUMIFS(Qtde_Oper_Plantio_Tratos!S:S,Qtde_Oper_Plantio_Tratos!$F:$F,'Dimensionamento Tratos (2)'!$B25,Qtde_Oper_Plantio_Tratos!$I:$I,'Dimensionamento Tratos (2)'!$C25) -> 0 | I25: =SUMIFS(Qtde_Oper_Plantio_Tratos!T:T,Qtde_Oper_Plantio_Tratos!$F:$F,'Dimensionamento Tratos (2)'!$B25,Qtde_Oper_Plantio_Tratos!$I:$I,'Dimensionamento Tratos (2)'!$C25) -> 119.6912 | J25: =SUMIFS(Qtde_Oper_Plantio_Tratos!U:U,Qtde_Oper_Plantio_Tratos!$F:$F,'Dimensionamento Tratos (2)'!$B25,Qtde_Oper_Plantio_Tratos!$I:$I,'Dimensionamento Tratos (2)'!$C25) -> 132.7856 | K25: =SUMIFS(Qtde_Oper_Plantio_Tratos!V:V,Qtde_Oper_Plantio_Tratos!$F:$F,'Dimensionamento Tratos (2)'!$B25,Qtde_Oper_Plantio_Tratos!$I:$I,'Dimensionamento Tratos (2)'!$C25) -> 149.4912 | L25: =SUMIFS(Qtde_Oper_Plantio_Tratos!W:W,Qtde_Oper_Plantio_Tratos!$F:$F,'Dimensionamento Tratos (2)'!$B25,Qtde_Oper_Plantio_Tratos!$I:$I,'Dimensionamento Tratos (2)'!$C25) -> 40 | M25: =SUMIFS(Qtde_Oper_Plantio_Tratos!X:X,Qtde_Oper_Plantio_Tratos!$F:$F,'Dimensionamento Tratos (2)'!$B25,Qtde_Oper_Plantio_Tratos!$I:$I,'Dimensionamento Tratos (2)'!$C25) -> 40 | N25: =SUMIFS(Qtde_Oper_Plantio_Tratos!Y:Y,Qtde_Oper_Plantio_Tratos!$F:$F,'Dimensionamento Tratos (2)'!$B25,Qtde_Oper_Plantio_Tratos!$I:$I,'Dimensionamento Tratos (2)'!$C25) -> 40 | O25: =SUMIFS(Qtde_Oper_Plantio_Tratos!Z:Z,Qtde_Oper_Plantio_Tratos!$F:$F,'Dimensionamento Tratos (2)'!$B25,Qtde_Oper_Plantio_Tratos!$I:$I,'Dimensionamento Tratos (2)'!$C25) -> 40 | P25: =SUMIFS(Qtde_Oper_Plantio_Tratos!AA:AA,Qtde_Oper_Plantio_Tratos!$F:$F,'Dimensionamento Tratos (2)'!$B25,Qtde_Oper_Plantio_Tratos!$I:$I,'Dimensionamento Tratos (2)'!$C25) -> 40 | Q25: =SUMIFS(Qtde_Oper_Plantio_Tratos!AB:AB,Qtde_Oper_Plantio_Tratos!$F:$F,'Dimensionamento Tratos (2)'!$B25,Qtde_Oper_Plantio_Tratos!$I:$I,'Dimensionamento Tratos (2)'!$C25) -> 1214.2384
C26: Proprio | E26: =IF($C26="Proprio",IFERROR(E25/(_xlfn.XLOOKUP(E$6,$E$68:$Q$68,$E$69:$Q$69)*_xlfn.XLOOKUP($B25,$C$52:$C$64,$E$52:$E$64)),0),0) -> 4.1486983 | F26: =IF($C26="Proprio",IFERROR(F25/(_xlfn.XLOOKUP(F$6,$E$68:$Q$68,$E$69:$Q$69)*_xlfn.XLOOKUP($B25,$C$52:$C$64,$E$52:$E$64)),0),0) -> 6.5529071 | G26: =IF($C26="Proprio",IFERROR(G25/(_xlfn.XLOOKUP(G$6,$E$68:$Q$68,$E$69:$Q$69)*_xlfn.XLOOKUP($B25,$C$52:$C$64,$E$52:$E$64)),0),0) -> 2.6131682 | H26: =IF($C26="Proprio",IFERROR(H25/(_xlfn.XLOOKUP(H$6,$E$68:$Q$68,$E$69:$Q$69)*_xlfn.XLOOKUP($B25,$C$52:$C$64,$E$52:$E$64)),0),0) -> 0 | I26: =IF($C26="Proprio",IFERROR(I25/(_xlfn.XLOOKUP(I$6,$E$68:$Q$68,$E$69:$Q$69)*_xlfn.XLOOKUP($B25,$C$52:$C$64,$E$52:$E$64)),0),0) -> 2.294188 | J26: =IF($C26="Proprio",IFERROR(J25/(_xlfn.XLOOKUP(J$6,$E$68:$Q$68,$E$69:$Q$69)*_xlfn.XLOOKUP($B25,$C$52:$C$64,$E$52:$E$64)),0),0) -> 2.8085777 | K26: =IF($C26="Proprio",IFERROR(K25/(_xlfn.XLOOKUP(K$6,$E$68:$Q$68,$E$69:$Q$69)*_xlfn.XLOOKUP($B25,$C$52:$C$64,$E$52:$E$64)),0),0) -> 3.5423012 | L26: =IF($C26="Proprio",IFERROR(L25/(_xlfn.XLOOKUP(L$6,$E$68:$Q$68,$E$69:$Q$69)*_xlfn.XLOOKUP($B25,$C$52:$C$64,$E$52:$E$64)),0),0) -> 1.0596237 | ... P26: =IF($C26="Proprio",IFERROR(P25/(_xlfn.XLOOKUP(P$6,$E$68:$Q$68,$E$69:$Q$69)*_xlfn.XLOOKUP($B25,$C$52:$C$64,$E$52:$E$64)),0),0) -> 1.2232416 | Q26: =IFERROR(Q25/(_xlfn.XLOOKUP(Q$6,$E$68:$Q$68,$E$69:$Q$69)*_xlfn.XLOOKUP($B25,$C$52:$C$64,$E$52:$E$64)),0) -> 2.604418
D27: =_xlfn.XLOOKUP(B27,Apoio!A:A,Apoio!B:B) -> 0 | E27: =SUMIFS(Qtde_Oper_Plantio_Tratos!P:P,Qtde_Oper_Plantio_Tratos!$F:$F,'Dimensionamento Tratos (2)'!$B27,Qtde_Oper_Plantio_Tratos!$I:$I,'Dimensionamento Tratos (2)'!$C27) -> 0 | F27: =SUMIFS(Qtde_Oper_Plantio_Tratos!Q:Q,Qtde_Oper_Plantio_Tratos!$F:$F,'Dimensionamento Tratos (2)'!$B27,Qtde_Oper_Plantio_Tratos!$I:$I,'Dimensionamento Tratos (2)'!$C27) -> 0 | G27: =SUMIFS(Qtde_Oper_Plantio_Tratos!R:R,Qtde_Oper_Plantio_Tratos!$F:$F,'Dimensionamento Tratos (2)'!$B27,Qtde_Oper_Plantio_Tratos!$I:$I,'Dimensionamento Tratos (2)'!$C27) -> 0 | H27: =SUMIFS(Qtde_Oper_Plantio_Tratos!S:S,Qtde_Oper_Plantio_Tratos!$F:$F,'Dimensionamento Tratos (2)'!$B27,Qtde_Oper_Plantio_Tratos!$I:$I,'Dimensionamento Tratos (2)'!$C27) -> 0 | I27: =SUMIFS(Qtde_Oper_Plantio_Tratos!T:T,Qtde_Oper_Plantio_Tratos!$F:$F,'Dimensionamento Tratos (2)'!$B27,Qtde_Oper_Plantio_Tratos!$I:$I,'Dimensionamento Tratos (2)'!$C27) -> 0 | J27: =SUMIFS(Qtde_Oper_Plantio_Tratos!U:U,Qtde_Oper_Plantio_Tratos!$F:$F,'Dimensionamento Tratos (2)'!$B27,Qtde_Oper_Plantio_Tratos!$I:$I,'Dimensionamento Tratos (2)'!$C27) -> 0 | K27: =SUMIFS(Qtde_Oper_Plantio_Tratos!V:V,Qtde_Oper_Plantio_Tratos!$F:$F,'Dimensionamento Tratos (2)'!$B27,Qtde_Oper_Plantio_Tratos!$I:$I,'Dimensionamento Tratos (2)'!$C27) -> 0 | L27: =SUMIFS(Qtde_Oper_Plantio_Tratos!W:W,Qtde_Oper_Plantio_Tratos!$F:$F,'Dimensionamento Tratos (2)'!$B27,Qtde_Oper_Plantio_Tratos!$I:$I,'Dimensionamento Tratos (2)'!$C27) -> 0 | M27: =SUMIFS(Qtde_Oper_Plantio_Tratos!X:X,Qtde_Oper_Plantio_Tratos!$F:$F,'Dimensionamento Tratos (2)'!$B27,Qtde_Oper_Plantio_Tratos!$I:$I,'Dimensionamento Tratos (2)'!$C27) -> 0 | N27: =SUMIFS(Qtde_Oper_Plantio_Tratos!Y:Y,Qtde_Oper_Plantio_Tratos!$F:$F,'Dimensionamento Tratos (2)'!$B27,Qtde_Oper_Plantio_Tratos!$I:$I,'Dimensionamento Tratos (2)'!$C27) -> 0 | O27: =SUMIFS(Qtde_Oper_Plantio_Tratos!Z:Z,Qtde_Oper_Plantio_Tratos!$F:$F,'Dimensionamento Tratos (2)'!$B27,Qtde_Oper_Plantio_Tratos!$I:$I,'Dimensionamento Tratos (2)'!$C27) -> 0 | P27: =SUMIFS(Qtde_Oper_Plantio_Tratos!AA:AA,Qtde_Oper_Plantio_Tratos!$F:$F,'Dimensionamento Tratos (2)'!$B27,Qtde_Oper_Plantio_Tratos!$I:$I,'Dimensionamento Tratos (2)'!$C27) -> 0 | Q27: =SUM(E27:P27) -> 0
E28: =IF($C28="Proprio",IFERROR(E27/(_xlfn.XLOOKUP(E$6,$E$68:$Q$68,$E$69:$Q$69)*_xlfn.XLOOKUP($B27,$C$52:$C$64,$E$52:$E$64)),0),0) -> 0 | F28: =IF($C28="Proprio",IFERROR(F27/(_xlfn.XLOOKUP(F$6,$E$68:$Q$68,$E$69:$Q$69)*_xlfn.XLOOKUP($B27,$C$52:$C$64,$E$52:$E$64)),0),0) -> 0 | G28: =IF($C28="Proprio",IFERROR(G27/(_xlfn.XLOOKUP(G$6,$E$68:$Q$68,$E$69:$Q$69)*_xlfn.XLOOKUP($B27,$C$52:$C$64,$E$52:$E$64)),0),0) -> 0 | H28: =IF($C28="Proprio",IFERROR(H27/(_xlfn.XLOOKUP(H$6,$E$68:$Q$68,$E$69:$Q$69)*_xlfn.XLOOKUP($B27,$C$52:$C$64,$E$52:$E$64)),0),0) -> 0 | I28: =IF($C28="Proprio",IFERROR(I27/(_xlfn.XLOOKUP(I$6,$E$68:$Q$68,$E$69:$Q$69)*_xlfn.XLOOKUP($B27,$C$52:$C$64,$E$52:$E$64)),0),0) -> 0 | J28: =IF($C28="Proprio",IFERROR(J27/(_xlfn.XLOOKUP(J$6,$E$68:$Q$68,$E$69:$Q$69)*_xlfn.XLOOKUP($B27,$C$52:$C$64,$E$52:$E$64)),0),0) -> 0 | K28: =IF($C28="Proprio",IFERROR(K27/(_xlfn.XLOOKUP(K$6,$E$68:$Q$68,$E$69:$Q$69)*_xlfn.XLOOKUP($B27,$C$52:$C$64,$E$52:$E$64)),0),0) -> 0 | L28: =IF($C28="Proprio",IFERROR(L27/(_xlfn.XLOOKUP(L$6,$E$68:$Q$68,$E$69:$Q$69)*_xlfn.XLOOKUP($B27,$C$52:$C$64,$E$52:$E$64)),0),0) -> 0 | ... P28: =IF($C28="Proprio",IFERROR(P27/(_xlfn.XLOOKUP(P$6,$E$68:$Q$68,$E$69:$Q$69)*_xlfn.XLOOKUP($B27,$C$52:$C$64,$E$52:$E$64)),0),0) -> 0 | Q28: =IFERROR(Q27/(_xlfn.XLOOKUP(Q$6,$E$68:$Q$68,$E$69:$Q$69)*_xlfn.XLOOKUP($B27,$C$52:$C$64,$E$52:$E$64)),0) -> 0
D29: =_xlfn.XLOOKUP(B29,Apoio!A:A,Apoio!B:B) -> 0 | E29: =SUMIFS(Qtde_Oper_Plantio_Tratos!P:P,Qtde_Oper_Plantio_Tratos!$F:$F,'Dimensionamento Tratos (2)'!$B29,Qtde_Oper_Plantio_Tratos!$I:$I,'Dimensionamento Tratos (2)'!$C29) -> 0 | F29: =SUMIFS(Qtde_Oper_Plantio_Tratos!Q:Q,Qtde_Oper_Plantio_Tratos!$F:$F,'Dimensionamento Tratos (2)'!$B29,Qtde_Oper_Plantio_Tratos!$I:$I,'Dimensionamento Tratos (2)'!$C29) -> 0 | G29: =SUMIFS(Qtde_Oper_Plantio_Tratos!R:R,Qtde_Oper_Plantio_Tratos!$F:$F,'Dimensionamento Tratos (2)'!$B29,Qtde_Oper_Plantio_Tratos!$I:$I,'Dimensionamento Tratos (2)'!$C29) -> 0 | H29: =SUMIFS(Qtde_Oper_Plantio_Tratos!S:S,Qtde_Oper_Plantio_Tratos!$F:$F,'Dimensionamento Tratos (2)'!$B29,Qtde_Oper_Plantio_Tratos!$I:$I,'Dimensionamento Tratos (2)'!$C29) -> 0 | I29: =SUMIFS(Qtde_Oper_Plantio_Tratos!T:T,Qtde_Oper_Plantio_Tratos!$F:$F,'Dimensionamento Tratos (2)'!$B29,Qtde_Oper_Plantio_Tratos!$I:$I,'Dimensionamento Tratos (2)'!$C29) -> 0 | J29: =SUMIFS(Qtde_Oper_Plantio_Tratos!U:U,Qtde_Oper_Plantio_Tratos!$F:$F,'Dimensionamento Tratos (2)'!$B29,Qtde_Oper_Plantio_Tratos!$I:$I,'Dimensionamento Tratos (2)'!$C29) -> 0 | K29: =SUMIFS(Qtde_Oper_Plantio_Tratos!V:V,Qtde_Oper_Plantio_Tratos!$F:$F,'Dimensionamento Tratos (2)'!$B29,Qtde_Oper_Plantio_Tratos!$I:$I,'Dimensionamento Tratos (2)'!$C29) -> 0 | L29: =SUMIFS(Qtde_Oper_Plantio_Tratos!W:W,Qtde_Oper_Plantio_Tratos!$F:$F,'Dimensionamento Tratos (2)'!$B29,Qtde_Oper_Plantio_Tratos!$I:$I,'Dimensionamento Tratos (2)'!$C29) -> 0 | M29: =SUMIFS(Qtde_Oper_Plantio_Tratos!X:X,Qtde_Oper_Plantio_Tratos!$F:$F,'Dimensionamento Tratos (2)'!$B29,Qtde_Oper_Plantio_Tratos!$I:$I,'Dimensionamento Tratos (2)'!$C29) -> 0 | N29: =SUMIFS(Qtde_Oper_Plantio_Tratos!Y:Y,Qtde_Oper_Plantio_Tratos!$F:$F,'Dimensionamento Tratos (2)'!$B29,Qtde_Oper_Plantio_Tratos!$I:$I,'Dimensionamento Tratos (2)'!$C29) -> 0 | O29: =SUMIFS(Qtde_Oper_Plantio_Tratos!Z:Z,Qtde_Oper_Plantio_Tratos!$F:$F,'Dimensionamento Tratos (2)'!$B29,Qtde_Oper_Plantio_Tratos!$I:$I,'Dimensionamento Tratos (2)'!$C29) -> 0 | P29: =SUMIFS(Qtde_Oper_Plantio_Tratos!AA:AA,Qtde_Oper_Plantio_Tratos!$F:$F,'Dimensionamento Tratos (2)'!$B29,Qtde_Oper_Plantio_Tratos!$I:$I,'Dimensionamento Tratos (2)'!$C29) -> 0 | Q29: =SUMIFS(Qtde_Oper_Plantio_Tratos!AB:AB,Qtde_Oper_Plantio_Tratos!$F:$F,'Dimensionamento Tratos (2)'!$B29,Qtde_Oper_Plantio_Tratos!$I:$I,'Dimensionamento Tratos (2)'!$C29) -> 0
E30: =IF($C30="Proprio",IFERROR(E29/(_xlfn.XLOOKUP(E$6,$E$68:$Q$68,$E$69:$Q$69)*_xlfn.XLOOKUP($B29,$C$52:$C$64,$E$52:$E$64)),0),0) -> 0 | F30: =IF($C30="Proprio",IFERROR(F29/(_xlfn.XLOOKUP(F$6,$E$68:$Q$68,$E$69:$Q$69)*_xlfn.XLOOKUP($B29,$C$52:$C$64,$E$52:$E$64)),0),0) -> 0 | G30: =IF($C30="Proprio",IFERROR(G29/(_xlfn.XLOOKUP(G$6,$E$68:$Q$68,$E$69:$Q$69)*_xlfn.XLOOKUP($B29,$C$52:$C$64,$E$52:$E$64)),0),0) -> 0 | H30: =IF($C30="Proprio",IFERROR(H29/(_xlfn.XLOOKUP(H$6,$E$68:$Q$68,$E$69:$Q$69)*_xlfn.XLOOKUP($B29,$C$52:$C$64,$E$52:$E$64)),0),0) -> 0 | I30: =IF($C30="Proprio",IFERROR(I29/(_xlfn.XLOOKUP(I$6,$E$68:$Q$68,$E$69:$Q$69)*_xlfn.XLOOKUP($B29,$C$52:$C$64,$E$52:$E$64)),0),0) -> 0 | J30: =IF($C30="Proprio",IFERROR(J29/(_xlfn.XLOOKUP(J$6,$E$68:$Q$68,$E$69:$Q$69)*_xlfn.XLOOKUP($B29,$C$52:$C$64,$E$52:$E$64)),0),0) -> 0 | K30: =IF($C30="Proprio",IFERROR(K29/(_xlfn.XLOOKUP(K$6,$E$68:$Q$68,$E$69:$Q$69)*_xlfn.XLOOKUP($B29,$C$52:$C$64,$E$52:$E$64)),0),0) -> 0 | L30: =IF($C30="Proprio",IFERROR(L29/(_xlfn.XLOOKUP(L$6,$E$68:$Q$68,$E$69:$Q$69)*_xlfn.XLOOKUP($B29,$C$52:$C$64,$E$52:$E$64)),0),0) -> 0 | ... P30: =IF($C30="Proprio",IFERROR(P29/(_xlfn.XLOOKUP(P$6,$E$68:$Q$68,$E$69:$Q$69)*_xlfn.XLOOKUP($B29,$C$52:$C$64,$E$52:$E$64)),0),0) -> 0 | Q30: =IFERROR(Q29/(_xlfn.XLOOKUP(Q$6,$E$68:$Q$68,$E$69:$Q$69)*_xlfn.XLOOKUP($B29,$C$52:$C$64,$E$52:$E$64)),0) -> 0
D31: =_xlfn.XLOOKUP(B31,Apoio!A:A,Apoio!B:B) -> 0 | E31: =SUMIFS(Qtde_Oper_Plantio_Tratos!P:P,Qtde_Oper_Plantio_Tratos!$F:$F,'Dimensionamento Tratos (2)'!$B31,Qtde_Oper_Plantio_Tratos!$I:$I,'Dimensionamento Tratos (2)'!$C31) -> 0 | F31: =SUMIFS(Qtde_Oper_Plantio_Tratos!Q:Q,Qtde_Oper_Plantio_Tratos!$F:$F,'Dimensionamento Tratos (2)'!$B31,Qtde_Oper_Plantio_Tratos!$I:$I,'Dimensionamento Tratos (2)'!$C31) -> 0 | G31: =SUMIFS(Qtde_Oper_Plantio_Tratos!R:R,Qtde_Oper_Plantio_Tratos!$F:$F,'Dimensionamento Tratos (2)'!$B31,Qtde_Oper_Plantio_Tratos!$I:$I,'Dimensionamento Tratos (2)'!$C31) -> 0 | H31: =SUMIFS(Qtde_Oper_Plantio_Tratos!S:S,Qtde_Oper_Plantio_Tratos!$F:$F,'Dimensionamento Tratos (2)'!$B31,Qtde_Oper_Plantio_Tratos!$I:$I,'Dimensionamento Tratos (2)'!$C31) -> 0 | I31: =SUMIFS(Qtde_Oper_Plantio_Tratos!T:T,Qtde_Oper_Plantio_Tratos!$F:$F,'Dimensionamento Tratos (2)'!$B31,Qtde_Oper_Plantio_Tratos!$I:$I,'Dimensionamento Tratos (2)'!$C31) -> 0 | J31: =SUMIFS(Qtde_Oper_Plantio_Tratos!U:U,Qtde_Oper_Plantio_Tratos!$F:$F,'Dimensionamento Tratos (2)'!$B31,Qtde_Oper_Plantio_Tratos!$I:$I,'Dimensionamento Tratos (2)'!$C31) -> 0 | K31: =SUMIFS(Qtde_Oper_Plantio_Tratos!V:V,Qtde_Oper_Plantio_Tratos!$F:$F,'Dimensionamento Tratos (2)'!$B31,Qtde_Oper_Plantio_Tratos!$I:$I,'Dimensionamento Tratos (2)'!$C31) -> 0 | L31: =SUMIFS(Qtde_Oper_Plantio_Tratos!W:W,Qtde_Oper_Plantio_Tratos!$F:$F,'Dimensionamento Tratos (2)'!$B31,Qtde_Oper_Plantio_Tratos!$I:$I,'Dimensionamento Tratos (2)'!$C31) -> 0 | M31: =SUMIFS(Qtde_Oper_Plantio_Tratos!X:X,Qtde_Oper_Plantio_Tratos!$F:$F,'Dimensionamento Tratos (2)'!$B31,Qtde_Oper_Plantio_Tratos!$I:$I,'Dimensionamento Tratos (2)'!$C31) -> 0 | N31: =SUMIFS(Qtde_Oper_Plantio_Tratos!Y:Y,Qtde_Oper_Plantio_Tratos!$F:$F,'Dimensionamento Tratos (2)'!$B31,Qtde_Oper_Plantio_Tratos!$I:$I,'Dimensionamento Tratos (2)'!$C31) -> 0 | O31: =SUMIFS(Qtde_Oper_Plantio_Tratos!Z:Z,Qtde_Oper_Plantio_Tratos!$F:$F,'Dimensionamento Tratos (2)'!$B31,Qtde_Oper_Plantio_Tratos!$I:$I,'Dimensionamento Tratos (2)'!$C31) -> 0 | P31: =SUMIFS(Qtde_Oper_Plantio_Tratos!AA:AA,Qtde_Oper_Plantio_Tratos!$F:$F,'Dimensionamento Tratos (2)'!$B31,Qtde_Oper_Plantio_Tratos!$I:$I,'Dimensionamento Tratos (2)'!$C31) -> 0 | Q31: =SUM(E31:P31) -> 0
E32: =IF($C32="Proprio",IFERROR(E31/(_xlfn.XLOOKUP(E$6,$E$68:$Q$68,$E$69:$Q$69)*_xlfn.XLOOKUP($B31,$C$52:$C$64,$E$52:$E$64)),0),0) -> 0 | F32: =IF($C32="Proprio",IFERROR(F31/(_xlfn.XLOOKUP(F$6,$E$68:$Q$68,$E$69:$Q$69)*_xlfn.XLOOKUP($B31,$C$52:$C$64,$E$52:$E$64)),0),0) -> 0 | G32: =IF($C32="Proprio",IFERROR(G31/(_xlfn.XLOOKUP(G$6,$E$68:$Q$68,$E$69:$Q$69)*_xlfn.XLOOKUP($B31,$C$52:$C$64,$E$52:$E$64)),0),0) -> 0 | H32: =IF($C32="Proprio",IFERROR(H31/(_xlfn.XLOOKUP(H$6,$E$68:$Q$68,$E$69:$Q$69)*_xlfn.XLOOKUP($B31,$C$52:$C$64,$E$52:$E$64)),0),0) -> 0 | I32: =IF($C32="Proprio",IFERROR(I31/(_xlfn.XLOOKUP(I$6,$E$68:$Q$68,$E$69:$Q$69)*_xlfn.XLOOKUP($B31,$C$52:$C$64,$E$52:$E$64)),0),0) -> 0 | J32: =IF($C32="Proprio",IFERROR(J31/(_xlfn.XLOOKUP(J$6,$E$68:$Q$68,$E$69:$Q$69)*_xlfn.XLOOKUP($B31,$C$52:$C$64,$E$52:$E$64)),0),0) -> 0 | K32: =IF($C32="Proprio",IFERROR(K31/(_xlfn.XLOOKUP(K$6,$E$68:$Q$68,$E$69:$Q$69)*_xlfn.XLOOKUP($B31,$C$52:$C$64,$E$52:$E$64)),0),0) -> 0 | L32: =IF($C32="Proprio",IFERROR(L31/(_xlfn.XLOOKUP(L$6,$E$68:$Q$68,$E$69:$Q$69)*_xlfn.XLOOKUP($B31,$C$52:$C$64,$E$52:$E$64)),0),0) -> 0 | ... P32: =IF($C32="Proprio",IFERROR(P31/(_xlfn.XLOOKUP(P$6,$E$68:$Q$68,$E$69:$Q$69)*_xlfn.XLOOKUP($B31,$C$52:$C$64,$E$52:$E$64)),0),0) -> 0 | Q32: =IFERROR(Q31/(_xlfn.XLOOKUP(Q$6,$E$68:$Q$68,$E$69:$Q$69)*_xlfn.XLOOKUP($B31,$C$52:$C$64,$E$52:$E$64)),0) -> 0
D33: Nec_Tratores | E33: =ROUNDUP(SUM(E32,E30,E28,E26,E24,E22,E20,E18,E16,E14,E12,E10,E8),0) -> 21 | F33: =ROUNDUP(SUM(F32,F30,F28,F26,F24,F22,F20,F18,F16,F14,F12,F10,F8),0) -> 27 | G33: =ROUNDUP(SUM(G32,G30,G28,G26,G24,G22,G20,G18,G16,G14,G12,G10,G8),0) -> 20 | H33: =ROUNDUP(SUM(H32,H30,H28,H26,H24,H22,H20,H18,H16,H14,H12,H10,H8),0) -> 14 | I33: =ROUNDUP(SUM(I32,I30,I28,I26,I24,I22,I20,I18,I16,I14,I12,I10,I8),0) -> 15 | J33: =ROUNDUP(SUM(J32,J30,J28,J26,J24,J22,J20,J18,J16,J14,J12,J10,J8),0) -> 19 | K33: =ROUNDUP(SUM(K32,K30,K28,K26,K24,K22,K20,K18,K16,K14,K12,K10,K8),0) -> 29 | L33: =ROUNDUP(SUM(L32,L30,L28,L26,L24,L22,L20,L18,L16,L14,L12,L10,L8),0) -> 19 | ... Q33: =ROUNDUP(SUM(Q32,Q30,Q28,Q26,Q24,Q22,Q20,Q18,Q16,Q14,Q12,Q10,Q8),0) -> 17
D34: Disp_Tratores | E34: =E48 -> 14 | F34: =F48 -> 14 | G34: =G48 -> 14 | H34: =H48 -> 14 | I34: =I48 -> 14 | J34: =J48 -> 14 | K34: =K48 -> 14 | L34: =L48 -> 14 | ... Q34: =Q48 -> 21
D37: Inventário Máquinas
D38: Mês | E38: 45748 | F38: 45778 | G38: 45809 | H38: 45839 | I38: 45870 | J38: 45901 | K38: 45931 | L38: 45962 | M38: 45992 | N38: 46023 | O38: 46054 | P38: 46082 | Q38: Total
D39: Trator Herbicida | E39: 3 | F39: 3 | G39: 3 | H39: 3 | I39: 3 | J39: 3 | K39: 3 | L39: 3 | M39: 3 | N39: 3 | O39: 3 | P39: 3 | Q39: 3
D40: Trator Torta | Q40: 3
D41: Trator Quebra Lombo | E41: 3 | F41: 3 | G41: 3 | H41: 3 | I41: 3 | J41: 3 | K41: 3 | L41: 3 | M41: 3 | N41: 3 | O41: 3 | P41: 3 | Q41: 3
D42: Trator Cultivo | E42: 0 | F42: 0 | G42: 0 | H42: 0 | I42: 0 | J42: 0 | K42: 0 | L42: 0 | M42: 0 | N42: 0 | O42: 0 | P42: 0 | Q42: 3
D43: Trator Catação | E43: 2 | F43: 2 | G43: 2 | H43: 2 | I43: 2 | J43: 2 | K43: 2 | L43: 2 | M43: 2 | N43: 2 | O43: 2 | P43: 2 | Q43: 3
D44: Trator Apl Inseticida Em Profundidade | E44: 4 | F44: 4 | G44: 4 | H44: 4 | I44: 4 | J44: 4 | K44: 4 | L44: 4 | M44: 4 | N44: 4 | O44: 4 | P44: 4 | Q44: 4
D45: Carreador | E45: 2 | F45: 2 | G45: 2 | H45: 2 | I45: 2 | J45: 2 | K45: 2 | L45: 2 | M45: 2 | N45: 2 | O45: 2 | P45: 2 | Q45: 2
D48: Total | E48: =SUM(E39:E47) -> 14 | F48: =SUM(F39:F47) -> 14 | G48: =SUM(G39:G47) -> 14 | H48: =SUM(H39:H47) -> 14 | I48: =SUM(I39:I47) -> 14 | J48: =SUM(J39:J47) -> 14 | K48: =SUM(K39:K47) -> 14 | L48: =SUM(L39:L47) -> 14 | ... Q48: =SUM(Q39:Q47) -> 21
D50: Rendimento Operacional
D51: Operação | E51: ha/máquina/dia | F51: Rendimento H | G51: Horas/Maq/Dia
C52: 1071 | D52: =IFERROR(_xlfn.XLOOKUP(C52,Apoio!A:A,Apoio!B:B),"") -> Aplicação Mista Correção Solo | E52: =IFERROR(F52*G52,0) -> 14.533333 | F52: =IFERROR(_xlfn.XLOOKUP($C52,'Rendimentos '!$B:$B,'Rendimentos '!$H:$H),"") -> 4 | G52: =IFERROR(_xlfn.XLOOKUP(C52,'Plano Horas'!C:C,'Plano Horas'!P:P),"") -> 3.6333333
C53: 1022 | D53: =IFERROR(_xlfn.XLOOKUP(C53,Apoio!A:A,Apoio!B:B),"") -> Cultivo | E53: =IFERROR(F53*G53,0) -> 6.05 | F53: =IFERROR(_xlfn.XLOOKUP($C53,'Rendimentos '!$B:$B,'Rendimentos '!$H:$H),"") -> 1.5 | G53: =IFERROR(_xlfn.XLOOKUP(C53,'Plano Horas'!C:C,'Plano Horas'!P:P),"") -> 4.0333333
C54: 1031 | D54: =IFERROR(_xlfn.XLOOKUP(C54,Apoio!A:A,Apoio!B:B),"") -> 1ª Aplicação De Herbicida | E54: =IFERROR(F54*G54,0) -> 79 | F54: =IFERROR(_xlfn.XLOOKUP($C54,'Rendimentos '!$B:$B,'Rendimentos '!$H:$H),"") -> 20 | G54: =IFERROR(_xlfn.XLOOKUP(C54,'Plano Horas'!C:C,'Plano Horas'!P:P),"") -> 3.95
C55: 1073 | D55: =IFERROR(_xlfn.XLOOKUP(C55,Apoio!A:A,Apoio!B:B),"") -> Apl Inseticida Em Profundidade | E55: =IFERROR(F55*G55,0) -> 6.05 | F55: =IFERROR(_xlfn.XLOOKUP($C55,'Rendimentos '!$B:$B,'Rendimentos '!$H:$H),"") -> 1.5 | G55: =IFERROR(_xlfn.XLOOKUP(C55,'Plano Horas'!C:C,'Plano Horas'!P:P),"") -> 4.0333333
C56: 910 | D56: =IFERROR(_xlfn.XLOOKUP(C56,Apoio!A:A,Apoio!B:B),"") -> Aplicação Avião Insumos | E56: =IFERROR(F56*G56,0) -> 0 | F56: =IFERROR(_xlfn.XLOOKUP($C56,'Rendimentos '!$B:$B,'Rendimentos '!$H:$H),"") | G56: =IFERROR(_xlfn.XLOOKUP(C56,'Plano Horas'!C:C,'Plano Horas'!P:P),"")
C57: 911 | D57: =IFERROR(_xlfn.XLOOKUP(C57,Apoio!A:A,Apoio!B:B),"") -> Aplicação Drone Catação | E57: =IFERROR(F57*G57,0) -> 0 | F57: =IFERROR(_xlfn.XLOOKUP($C57,'Rendimentos '!$B:$B,'Rendimentos '!$H:$H),"") | G57: =IFERROR(_xlfn.XLOOKUP(C57,'Plano Horas'!C:C,'Plano Horas'!P:P),"")
C58: 912 | D58: =IFERROR(_xlfn.XLOOKUP(C58,Apoio!A:A,Apoio!B:B),"") -> Aplicação Avião Maturador | E58: =IFERROR(F58*G58,0) -> 0 | F58: =IFERROR(_xlfn.XLOOKUP($C58,'Rendimentos '!$B:$B,'Rendimentos '!$H:$H),"") | G58: =IFERROR(_xlfn.XLOOKUP(C58,'Plano Horas'!C:C,'Plano Horas'!P:P),"")
C59: 1033 | D59: =IFERROR(_xlfn.XLOOKUP(C59,Apoio!A:A,Apoio!B:B),"") -> Aplicação De Torta De Filtro | E59: =IFERROR(F59*G59,0) -> 2.9733333 | F59: =IFERROR(_xlfn.XLOOKUP($C59,'Rendimentos '!$B:$B,'Rendimentos '!$H:$H),"") -> 0.8 | G59: =IFERROR(_xlfn.XLOOKUP(C59,'Plano Horas'!C:C,'Plano Horas'!P:P),"") -> 3.7166667
C60: 1078 | D60: =IFERROR(_xlfn.XLOOKUP(C60,Apoio!A:A,Apoio!B:B),"") -> 2ª Aplicação De Herbicida | E60: =IFERROR(F60*G60,0) -> 61.433333 | F60: =IFERROR(_xlfn.XLOOKUP($C60,'Rendimentos '!$B:$B,'Rendimentos '!$H:$H),"") -> 19 | G60: =IFERROR(_xlfn.XLOOKUP(C60,'Plano Horas'!C:C,'Plano Horas'!P:P),"") -> 3.2333333
C61: 1090 | D61: =IFERROR(_xlfn.XLOOKUP(C61,Apoio!A:A,Apoio!B:B),"") -> Repasse Aplicação Herbicida | E61: =IFERROR(F61*G61,0) -> 18.166667 | F61: =IFERROR(_xlfn.XLOOKUP($C61,'Rendimentos '!$B:$B,'Rendimentos '!$H:$H),"") -> 5 | G61: =IFERROR(_xlfn.XLOOKUP(C61,'Plano Horas'!C:C,'Plano Horas'!P:P),"") -> 3.6333333
C62: 1091 | D62: =IFERROR(_xlfn.XLOOKUP(C62,Apoio!A:A,Apoio!B:B),"") -> Aplic. Herb Man - Cat. Quimíca | E62: =IFERROR(F62*G62,0) -> 1.8166667 | F62: =IFERROR(_xlfn.XLOOKUP($C62,'Rendimentos '!$B:$B,'Rendimentos '!$H:$H),"") -> 0.5 | G62: =IFERROR(_xlfn.XLOOKUP(C62,'Plano Horas'!C:C,'Plano Horas'!P:P),"") -> 3.6333333
C63: 1032 | D63: =IFERROR(_xlfn.XLOOKUP(C63,Apoio!A:A,Apoio!B:B),"") -> Aplicação De Inseticida | E63: =IFERROR(F63*G63,0) -> 80.666667 | F63: =IFERROR(_xlfn.XLOOKUP($C63,'Rendimentos '!$B:$B,'Rendimentos '!$H:$H),"") -> 20 | G63: =IFERROR(_xlfn.XLOOKUP(C63,'Plano Horas'!C:C,'Plano Horas'!P:P),"") -> 4.0333333
D64: =IFERROR(_xlfn.XLOOKUP(C64,Apoio!A:A,Apoio!B:B),"") -> 0 | E64: =IFERROR(F64*G64,0) -> 0 | F64: =IFERROR(_xlfn.XLOOKUP($C64,'Rendimentos '!$B:$B,'Rendimentos '!$H:$H),"") -> 0 | G64: =IFERROR(_xlfn.XLOOKUP(C64,'Plano Horas'!C:C,'Plano Horas'!P:P),"") -> 0
D67: Dias Trabalháveis
D68: Mês | E68: 45748 | F68: 45778 | G68: 45809 | H68: 45839 | I68: 45870 | J68: 45901 | K68: 45931 | L68: 45962 | M68: 45992 | N68: 46023 | O68: 46054 | P68: 46082 | Q68: Total
D69: Dias Trabalháveis | E69: 23.520533 | F69: 25.8917 | G69: 26.704777 | H69: 29.166383 | I69: 28.71825 | J69: 26.024913 | K69: 23.230304 | L69: 20.779403 | M69: 14.2 | N69: 9.2 | O69: 11.2 | P69: 18 | Q69: =SUM(E69:P69) -> 256.63626

Sheet Plano Horas
B2: Operação | C2: CD_Operação | D2: DE_Operação | E2: Turnos | F2: Horas de atividade dia | G2: Disp. Mecânica | H2: Deslocamento | I2: Troca de Turno | J2: Check-list | K2: Abast.e/ou lubrificação | L2: Refeição | M2: Mudança de área | N2: Manobra | O2: Abast. Insumo | P2: Total horas disponivel dia para produção
E3: qtd. | F3: h | G3: % | H3: h/dia | I3: h/dia | J3: h/dia | K3: h/dia | L3: h/dia | M3: h/dia | N3: % | O3: h/dia | P3: h
F4: 0.33333333 | H4: 0.0625 | J4: 0.0069444444 | K4: 0.0069444444 | L4: 0.041666667 | M4: 0.020833333 | N4: 0 | O4: 0
B5: PREPARO DE SOLO | C5: 1001 | D5: TERRACEAMENTO | E5: 1 | F5: =IF($E5=1,$F$4,IF($E5=2,$F$4*2,($F$4*3)-0.0001)) -> 0.33333333 | G5: 0.9 | H5: 0.027777778 | J5: =E5*$J$4 -> 0.0069444444 | K5: 0.013888889 | L5: =$L$4*$E5 -> 0.041666667 | M5: 0.03125 | N5: 0 | O5: 0 | P5: =((F5*24)*G5)-(SUM(H5:O5)*24) -> 4.2833333
C6: 1004 | D6: CURVA EM NÍVEL | E6: 1 | F6: =IF($E6=1,$F$4,IF($E6=2,$F$4*2,($F$4*3)-0.0001)) -> 0.33333333 | G6: 0.9 | H6: 0.027777778 | J6: =E6*$J$4 -> 0.0069444444 | K6: 0.013888889 | L6: =$L$4*$E6 -> 0.041666667 | M6: 0.03125 | N6: 0 | O6: 0 | P6: =((F6*24)*G6)-(SUM(H6:O6)*24) -> 4.2833333
C7: 1005 | D7: SISTEMATIZAÇÃO | E7: 1 | F7: =IF($E7=1,$F$4,IF($E7=2,$F$4*2,($F$4*3)-0.0001)) -> 0.33333333 | G7: 0.9 | H7: 0.027777778 | J7: =E7*$J$4 -> 0.0069444444 | K7: 0.013888889 | L7: =$L$4*$E7 -> 0.041666667 | M7: 0.03125 | N7: 0 | O7: 0 | P7: =((F7*24)*G7)-(SUM(H7:O7)*24) -> 4.2833333
C8: 1011 | D8: ARAÇÃO | E8: 1 | F8: =IF($E8=1,$F$4,IF($E8=2,$F$4*2,($F$4*3)-0.0001)) -> 0.33333333 | G8: 0.9 | H8: 0.027777778 | J8: =E8*$J$4 -> 0.0069444444 | K8: 0.013888889 | L8: =$L$4*$E8 -> 0.041666667 | M8: 0.03125 | N8: 0 | O8: 0 | P8: =((F8*24)*G8)-(SUM(H8:O8)*24) -> 4.2833333
C9: 1013 | D9: GRADAGEM ARADORA | E9: 1 | F9: =IF($E9=1,$F$4,IF($E9=2,$F$4*2,($F$4*3)-0.0001)) -> 0.33333333 | G9: 0.85 | H9: 0.027777778 | J9: =E9*$J$4 -> 0.0069444444 | K9: 0.013888889 | L9: =$L$4*$E9 -> 0.041666667 | M9: 0.03125 | N9: 0 | O9: 0 | P9: =((F9*24)*G9)-(SUM(H9:O9)*24) -> 3.8833333
C10: 1014 | D10: GRADAGEM INTERMEDIÁRIA | E10: 1 | F10: =IF($E10=1,$F$4,IF($E10=2,$F$4*2,($F$4*3)-0.0001)) -> 0.33333333 | G10: 0.85 | H10: 0.027777778 | J10: =E10*$J$4 -> 0.0069444444 | K10: 0.013888889 | L10: =$L$4*$E10 -> 0.041666667 | M10: 0.03125 | N10: 0 | O10: 0 | P10: =((F10*24)*G10)-(SUM(H10:O10)*24) -> 3.8833333
C11: 1015 | D11: GRADAGEM NIVELADORA | E11: 1 | F11: =IF($E11=1,$F$4,IF($E11=2,$F$4*2,($F$4*3)-0.0001)) -> 0.33333333 | G11: 0.85 | H11: 0.027777778 | J11: =E11*$J$4 -> 0.0069444444 | K11: 0.013888889 | L11: =$L$4*$E11 -> 0.041666667 | M11: 0.03125 | N11: 0 | O11: 0 | P11: =((F11*24)*G11)-(SUM(H11:O11)*24) -> 3.8833333
C12: 1016 | D12: SUBSOLAGEM | E12: 1 | F12: =IF($E12=1,$F$4,IF($E12=2,$F$4*2,($F$4*3)-0.0001)) -> 0.33333333 | G12: 0.85 | H12: 0.027777778 | J12: =E12*$J$4 -> 0.0069444444 | K12: 0.013888889 | L12: =$L$4*$E12 -> 0.041666667 | M12: 0.03125 | N12: 0 | O12: 0 | P12: =((F12*24)*G12)-(SUM(H12:O12)*24) -> 3.8833333
C13: 1024 | D13: ENLEIRAMENTO DE PALHA | E13: 1 | F13: =IF($E13=1,$F$4,IF($E13=2,$F$4*2,($F$4*3)-0.0001)) -> 0.33333333 | G13: 0.85 | H13: 0.027777778 | J13: =E13*$J$4 -> 0.0069444444 | K13: 0.013888889 | L13: =$L$4*$E13 -> 0.041666667 | M13: 0.03125 | N13: 0 | O13: 0 | P13: =((F13*24)*G13)-(SUM(H13:O13)*24) -> 3.8833333
C14: 1026 | D14: APLICAÇÃO DE FOSFATO | E14: 1 | F14: =IF($E14=1,$F$4,IF($E14=2,$F$4*2,($F$4*3)-0.0001)) -> 0.33333333 | G14: 0.85 | H14: 0.027777778 | J14: =E14*$J$4 -> 0.0069444444 | K14: 0.013888889 | L14: =$L$4*$E14 -> 0.041666667 | M14: 0.03125 | N14: 0 | O14: 0.0069444444 | P14: =((F14*24)*G14)-(SUM(H14:O14)*24) -> 3.7166667
C15: 1028 | D15: APLICAÇÃO DE CALCÁRIO | E15: 1 | F15: =IF($E15=1,$F$4,IF($E15=2,$F$4*2,($F$4*3)-0.0001)) -> 0.33333333 | G15: 0.85 | H15: 0.027777778 | J15: =E15*$J$4 -> 0.0069444444 | K15: 0.013888889 | L15: =$L$4*$E15 -> 0.041666667 | M15: 0.03125 | N15: 0 | O15: 0.0069444444 | P15: =((F15*24)*G15)-(SUM(H15:O15)*24) -> 3.7166667
C16: 1029 | D16: APLICAÇÃO DE GESSO | E16: 1 | F16: =IF($E16=1,$F$4,IF($E16=2,$F$4*2,($F$4*3)-0.0001)) -> 0.33333333 | G16: 0.85 | H16: 0.027777778 | J16: =E16*$J$4 -> 0.0069444444 | K16: 0.013888889 | L16: =$L$4*$E16 -> 0.041666667 | M16: 0.03125 | N16: 0 | O16: 0.0069444444 | P16: =((F16*24)*G16)-(SUM(H16:O16)*24) -> 3.7166667
C17: 1033 | D17: APLICAÇÃO DE TORTA DE FILTRO | E17: 1 | F17: =IF($E17=1,$F$4,IF($E17=2,$F$4*2,($F$4*3)-0.0001)) -> 0.33333333 | G17: 0.85 | H17: 0.027777778 | J17: =E17*$J$4 -> 0.0069444444 | K17: 0.013888889 | L17: =$L$4*$E17 -> 0.041666667 | M17: 0.03125 | N17: 0 | O17: 0.0069444444 | P17: =((F17*24)*G17)-(SUM(H17:O17)*24) -> 3.7166667
... C19: 1061 | D19: ENFARDAMENTO DE PALHA | E19: 1 | F19: =IF($E19=1,$F$4,IF($E19=2,$F$4*2,($F$4*3)-0.0001)) -> 0.33333333 | G19: 0.85 | H19: 0.027777778 | J19: =E19*$J$4 -> 0.0069444444 | K19: 0.013888889 | L19: =$L$4*$E19 -> 0.041666667 | M19: 0.03125 | N19: 0 | O19: 0 | P19: =((F19*24)*G19)-(SUM(H19:O19)*24) -> 3.8833333
B20: TRATOS CULTURAIS | C20: 1020 | D20: QUEBRA DE LOMBO | E20: 1 | F20: =IF($E20=1,$F$4,IF($E20=2,$F$4*2,($F$4*3)-0.0001)) -> 0.33333333 | G20: 0.9 | H20: 0.027777778 | J20: =E20*$J$4 -> 0.0069444444 | K20: 0.013888889 | L20: =$L$4*$E20 -> 0.041666667 | M20: 0.03125 | N20: 0 | O20: 0.0069444444 | P20: =((F20*24)*G20)-(SUM(H20:O20)*24) -> 4.1166667
C21: 1022 | D21: CULTIVO (adubação soca) | E21: 1 | F21: =IF($E21=1,$F$4,IF($E21=2,$F$4*2,($F$4*3)-0.0001)) -> 0.33333333 | G21: 0.9 | H21: 0.027777778 | J21: =E21*$J$4 -> 0.0069444444 | K21: 0.013888889 | L21: =$L$4*$E21 -> 0.041666667 | M21: 0.03125 | N21: 0 | O21: 0.010416667 | P21: =((F21*24)*G21)-(SUM(H21:O21)*24) -> 4.0333333
C22: 1031 | D22: APLICAÇÃO DE HERBICIDA | E22: 1 | F22: =IF($E22=1,$F$4,IF($E22=2,$F$4*2,($F$4*3)-0.0001)) -> 0.33333333 | G22: 0.9 | H22: 0.027777778 | J22: =E22*$J$4 -> 0.0069444444 | K22: 0.013888889 | L22: =$L$4*$E22 -> 0.041666667 | M22: 0.03125 | N22: 0 | O22: 0.013888889 | P22: =((F22*24)*G22)-(SUM(H22:O22)*24) -> 3.95
C23: 1032 | D23: APLICAÇÃO DE INSETICIDA | E23: 1 | F23: =IF($E23=1,$F$4,IF($E23=2,$F$4*2,($F$4*3)-0.0001)) -> 0.33333333 | G23: 0.9 | H23: 0.027777778 | J23: =E23*$J$4 -> 0.0069444444 | K23: 0.013888889 | L23: =$L$4*$E23 -> 0.041666667 | M23: 0.03125 | N23: 0 | O23: 0.010416667 | P23: =((F23*24)*G23)-(SUM(H23:O23)*24) -> 4.0333333
C24: 1073 | D24: Apl Inseticida Em Profundidade | E24: 1 | F24: =IF($E24=1,$F$4,IF($E24=2,$F$4*2,($F$4*3)-0.0001)) -> 0.33333333 | G24: 0.9 | H24: 0.027777778 | J24: =E24*$J$4 -> 0.0069444444 | K24: 0.013888889 | L24: =$L$4*$E24 -> 0.041666667 | M24: 0.03125 | N24: 0 | O24: 0.010416667 | P24: =((F24*24)*G24)-(SUM(H24:O24)*24) -> 4.0333333
C25: 1035 | D25: APLIC DE VINHAÇA VIA CAMINHÃO | E25: 1 | F25: =IF($E25=1,$F$4,IF($E25=2,$F$4*2,($F$4*3)-0.0001)) -> 0.33333333 | G25: 0.9 | H25: 0 | J25: =E25*$J$4 -> 0.0069444444 | K25: 0.013888889 | L25: =$L$4*$E25 -> 0.041666667 | M25: 0.03125 | N25: 0 | O25: 0 | P25: =((F25*24)*G25)-(SUM(H25:O25)*24) -> 4.95
C26: 1050 | D26: TRAÇÃO MOTOBOMBA (canal) | E26: 1 | F26: =IF($E26=1,$F$4,IF($E26=2,$F$4*2,($F$4*3)-0.0001)) -> 0.33333333 | G26: 0.9 | H26: 0 | J26: =E26*$J$4 -> 0.0069444444 | K26: 0.013888889 | L26: =$L$4*$E26 -> 0.041666667 | M26: 0.03125 | N26: 0 | O26: 0 | P26: =((F26*24)*G26)-(SUM(H26:O26)*24) -> 4.95
C27: 1078 | E27: 1 | F27: =IF($E27=1,$F$4,IF($E27=2,$F$4*2,($F$4*3)-0.0001)) -> 0.33333333 | G27: 0.8 | H27: 0.027777778 | J27: =E27*$J$4 -> 0.0069444444 | K27: 0.013888889 | L27: =$L$4*$E27 -> 0.041666667 | M27: 0.03125 | N27: 0 | O27: 0.010416667 | P27: =((F27*24)*G27)-(SUM(H27:O27)*24) -> 3.2333333
C28: 1071 | E28: 1 | F28: =IF($E28=1,$F$4,IF($E28=2,$F$4*2,($F$4*3)-0.0001)) -> 0.33333333 | G28: 0.85 | H28: 0.027777778 | J28: =E28*$J$4 -> 0.0069444444 | K28: 0.013888889 | L28: =$L$4*$E28 -> 0.041666667 | M28: 0.03125 | N28: 0 | O28: 0.010416667 | P28: =((F28*24)*G28)-(SUM(H28:O28)*24) -> 3.6333333
C29: 1090 | E29: 1 | F29: =IF($E29=1,$F$4,IF($E29=2,$F$4*2,($F$4*3)-0.0001)) -> 0.33333333 | G29: 0.85 | H29: 0.027777778 | J29: =E29*$J$4 -> 0.0069444444 | K29: 0.013888889 | L29: =$L$4*$E29 -> 0.041666667 | M29: 0.03125 | N29: 0 | O29: 0.010416667 | P29: =((F29*24)*G29)-(SUM(H29:O29)*24) -> 3.6333333
C30: 1091 | E30: 1 | F30: =IF($E30=1,$F$4,IF($E30=2,$F$4*2,($F$4*3)-0.0001)) -> 0.33333333 | G30: 0.85 | H30: 0.027777778 | J30: =E30*$J$4 -> 0.0069444444 | K30: 0.013888889 | L30: =$L$4*$E30 -> 0.041666667 | M30: 0.03125 | N30: 0 | O30: 0.010416667 | P30: =((F30*24)*G30)-(SUM(H30:O30)*24) -> 3.6333333
B31: PLANTIO | C31: 1.01 | D31: Plantio (Meiose) | E31: 1 | F31: =IF($E31=1,$F$4,IF($E31=2,$F$4*2,($F$4*3)-0.0001)) -> 0.33333333 | P31: =((F31*24)*G31)-(SUM(H31:O31)*24) -> 0
C32: 1.02 | D32: Plantio (Cantose) | E32: 1 | F32: =IF($E32=1,$F$4,IF($E32=2,$F$4*2,($F$4*3)-0.0001)) -> 0.33333333 | P32: =((F32*24)*G32)-(SUM(H32:O32)*24) -> 0
C33: 1.03 | D33: Plantio (Convencional) | E33: 1 | F33: =IF($E33=1,$F$4,IF($E33=2,$F$4*2,($F$4*3)-0.0001)) -> 0.33333333 | G33: 0.85 | H33: 0.027777778 | L33: 0.041666667 | P33: =((F33*24)*G33)-(SUM(H33:O33)*24) -> 5.1333333
C34: 1.04 | D34: Plantio (MPB) | E34: 1 | F34: =IF($E34=1,$F$4,IF($E34=2,$F$4*2,($F$4*3)-0.0001)) -> 0.33333333 | P34: =((F34*24)*G34)-(SUM(H34:O34)*24) -> 0
D35: Corte de Muda (16 ton. p/ há) | E35: 1 | F35: =IF($E35=1,$F$4,IF($E35=2,$F$4*2,($F$4*3)-0.0001)) -> 0.33333333 | P35: =((F35*24)*G35)-(SUM(H35:O35)*24) -> 0
C36: 1018 | D36: SULCAÇÃO | E36: 1 | F36: =IF($E36=1,$F$4,IF($E36=2,$F$4*2,($F$4*3)-0.0001)) -> 0.33333333 | G36: 0.85 | H36: 0.027777778 | J36: 0.013888889 | K36: 0.013888889 | L36: 0.083333333 | M36: 0.03125 | N36: 0 | O36: 0.0069444444 | P36: =((F36*24)*G36)-(SUM(H36:O36)*24) -> 2.55
C37: 4001 | D37: Colheita | E37: 1 | F37: =IF($E37=1,$F$4,IF($E37=2,$F$4*2,($F$4*3)-0.0001)) -> 0.33333333 | G37: 0.85 | H37: 0 | I37: 0.020833333 | J37: 0.020833333 | K37: 0.033333333 | L37: 0.0625 | M37: 0.025 | N37: 0.06875 | O37: 0.041666667 | P37: =((F37*24)*G37)-(SUM(H37:O37)*24) -> 0.25
C38: xx1 | D38: Biomassa | E38: 1 | F38: =IF($E38=1,$F$4,IF($E38=2,$F$4*2,($F$4*3)-0.0001)) -> 0.33333333 | G38: 0.85 | H38: 0.027777778 | J38: 0.0069444444 | K38: 0.013888889 | L38: 0.041666667 | M38: 0.03125 | N38: 0 | O38: 0 | P38: =((F38*24)*G38)-(SUM(H38:O38)*24) -> 3.8833333
C39: 1096 | E39: 1 | F39: =IF($E39=1,$F$4,IF($E39=2,$F$4*2,($F$4*3)-0.0001)) -> 0.33333333 | G39: 0.9 | H39: 0.027777778 | J39: =E39*$J$4 -> 0.0069444444 | K39: 0.013888889 | L39: =$L$4*$E39 -> 0.041666667 | M39: 0.03125 | N39: 0 | O39: 0 | P39: =((F39*24)*G39)-(SUM(H39:O39)*24) -> 4.2833333
C40: 1002 | E40: 1 | F40: =IF($E40=1,$F$4,IF($E40=2,$F$4*2,($F$4*3)-0.0001)) -> 0.33333333 | G40: 0.9 | H40: 0.027777778 | J40: =E40*$J$4 -> 0.0069444444 | K40: 0.013888889 | L40: =$L$4*$E40 -> 0.041666667 | M40: 0.03125 | N40: 0 | O40: 0 | P40: =((F40*24)*G40)-(SUM(H40:O40)*24) -> 4.2833333
C41: 1003 | E41: 1 | F41: =IF($E41=1,$F$4,IF($E41=2,$F$4*2,($F$4*3)-0.0001)) -> 0.33333333 | G41: 0.9 | H41: 0.027777778 | J41: =E41*$J$4 -> 0.0069444444 | K41: 0.013888889 | L41: =$L$4*$E41 -> 0.041666667 | M41: 0.03125 | N41: 0 | O41: 0 | P41: =((F41*24)*G41)-(SUM(H41:O41)*24) -> 4.2833333
C42: 1019 | E42: 1 | F42: =IF($E42=1,$F$4,IF($E42=2,$F$4*2,($F$4*3)-0.0001)) -> 0.33333333 | G42: 0.9 | H42: 0.027777778 | J42: =E42*$J$4 -> 0.0069444444 | K42: 0.013888889 | L42: =$L$4*$E42 -> 0.041666667 | M42: 0.03125 | N42: 0 | O42: 0 | P42: =((F42*24)*G42)-(SUM(H42:O42)*24) -> 4.2833333
C43: 1081 | E43: 1 | F43: =IF($E43=1,$F$4,IF($E43=2,$F$4*2,($F$4*3)-0.0001)) -> 0.33333333 | G43: 0.9 | H43: 0.027777778 | J43: =E43*$J$4 -> 0.0069444444 | K43: 0.013888889 | L43: =$L$4*$E43 -> 0.041666667 | M43: 0.03125 | N43: 0 | O43: 0 | P43: =((F43*24)*G43)-(SUM(H43:O43)*24) -> 4.2833333
C44: 1079 | E44: 1 | F44: =IF($E44=1,$F$4,IF($E44=2,$F$4*2,($F$4*3)-0.0001)) -> 0.33333333 | G44: 0.8 | H44: 0.027777778 | J44: =E44*$J$4 -> 0.0069444444 | K44: 0.013888889 | L44: =$L$4*$E44 -> 0.041666667 | M44: 0.03125 | N44: 0 | O44: 0.013888889 | P44: =((F44*24)*G44)-(SUM(H44:O44)*24) -> 3.15

Sheet Apoio
A1: Código | B1: Descrição
A2: 1064 | B2: Aplicação De Fungicida
A3: 9001 | B3: Gastos De Mecanização
A4: 29 | B4: Replantio Manual De Cana
A5: 4005 | B5: Auto Deslocamento Maquina
A6: 4006 | B6: Manobra Colhedora
A7: 4007 | B7: Embuchamento Rolo Ou Cesto
A8: 4008 | B8: Manobra Transbordo
A9: 4009 | B9: Deslocamento Carregado
A10: 4010 | B10: Deslocamento Vazio
A11: 4011 | B11: Transbordo Carregando Cana
A12: 4012 | B12: Transbordando Carga
A13: 4013 | B13: Pesagem Balanca
... A281: 9028 | B281: Compl Plantio Mao De Obra

Sheet Dimensionamento Preparo
E2: DIMENSIONAMENTO DE MÁQUINAS - PREPARO DE SOLO - OPERAÇÕES PRÓPRIAS
E5: Trator Preparo
C6: Op | D6: Fluxo | E6: Mês | F6: 45748 | G6: 45778 | H6: 45809 | I6: 45839 | J6: 45870 | K6: 45901 | L6: 45931 | M6: 45962 | N6: 45992 | O6: 46023 | P6: 46054 | Q6: 46082 | R6: Total
B7: Trator_Preparo | C7: 1013 | D7: PREPSP | E7: =_xlfn.XLOOKUP(C7,Apoio!A:A,Apoio!B:B) -> Gradagem Aradora | F7: =SUMIFS(Qtde_Oper_Plantio_Tratos!P:P,Qtde_Oper_Plantio_Tratos!$F:$F,'Dimensionamento Preparo'!$C7,Qtde_Oper_Plantio_Tratos!$I:$I,'Dimensionamento Preparo'!$D7) -> 600 | G7: =SUMIFS(Qtde_Oper_Plantio_Tratos!Q:Q,Qtde_Oper_Plantio_Tratos!$F:$F,'Dimensionamento Preparo'!$C7,Qtde_Oper_Plantio_Tratos!$I:$I,'Dimensionamento Preparo'!$D7) -> 150 | H7: =SUMIFS(Qtde_Oper_Plantio_Tratos!R:R,Qtde_Oper_Plantio_Tratos!$F:$F,'Dimensionamento Preparo'!$C7,Qtde_Oper_Plantio_Tratos!$I:$I,'Dimensionamento Preparo'!$D7) -> 382 | I7: =SUMIFS(Qtde_Oper_Plantio_Tratos!S:S,Qtde_Oper_Plantio_Tratos!$F:$F,'Dimensionamento Preparo'!$C7,Qtde_Oper_Plantio_Tratos!$I:$I,'Dimensionamento Preparo'!$D7) -> 518.19 | J7: =SUMIFS(Qtde_Oper_Plantio_Tratos!T:T,Qtde_Oper_Plantio_Tratos!$F:$F,'Dimensionamento Preparo'!$C7,Qtde_Oper_Plantio_Tratos!$I:$I,'Dimensionamento Preparo'!$D7) -> 518.19 | K7: =SUMIFS(Qtde_Oper_Plantio_Tratos!U:U,Qtde_Oper_Plantio_Tratos!$F:$F,'Dimensionamento Preparo'!$C7,Qtde_Oper_Plantio_Tratos!$I:$I,'Dimensionamento Preparo'!$D7) -> 600 | L7: =SUMIFS(Qtde_Oper_Plantio_Tratos!V:V,Qtde_Oper_Plantio_Tratos!$F:$F,'Dimensionamento Preparo'!$C7,Qtde_Oper_Plantio_Tratos!$I:$I,'Dimensionamento Preparo'!$D7) -> 297.23 | M7: =SUMIFS(Qtde_Oper_Plantio_Tratos!W:W,Qtde_Oper_Plantio_Tratos!$F:$F,'Dimensionamento Preparo'!$C7,Qtde_Oper_Plantio_Tratos!$I:$I,'Dimensionamento Preparo'!$D7) -> 0 | N7: =SUMIFS(Qtde_Oper_Plantio_Tratos!X:X,Qtde_Oper_Plantio_Tratos!$F:$F,'Dimensionamento Preparo'!$C7,Qtde_Oper_Plantio_Tratos!$I:$I,'Dimensionamento Preparo'!$D7) -> 0 | O7: =SUMIFS(Qtde_Oper_Plantio_Tratos!Y:Y,Qtde_Oper_Plantio_Tratos!$F:$F,'Dimensionamento Preparo'!$C7,Qtde_Oper_Plantio_Tratos!$I:$I,'Dimensionamento Preparo'!$D7) -> 0 | P7: =SUMIFS(Qtde_Oper_Plantio_Tratos!Z:Z,Qtde_Oper_Plantio_Tratos!$F:$F,'Dimensionamento Preparo'!$C7,Qtde_Oper_Plantio_Tratos!$I:$I,'Dimensionamento Preparo'!$D7) -> 200 | Q7: =SUMIFS(Qtde_Oper_Plantio_Tratos!AA:AA,Qtde_Oper_Plantio_Tratos!$F:$F,'Dimensionamento Preparo'!$C7,Qtde_Oper_Plantio_Tratos!$I:$I,'Dimensionamento Preparo'!$D7) -> 650 | R7: =SUM(F7:Q7) -> 3915.61
D8: Proprio | E8: Trator_Preparo | F8: =IF($D8="Proprio",IFERROR(F7/(_xlfn.XLOOKUP(F$6,$F$102:$R$102,$F$103:$R$103)*_xlfn.XLOOKUP($C7,$D$78:$D$98,$F$78:$F$98)),0),0) -> 5.9718203 | G8: =IF($D8="Proprio",IFERROR(G7/(_xlfn.XLOOKUP(G$6,$F$102:$R$102,$F$103:$R$103)*_xlfn.XLOOKUP($C7,$D$78:$D$98,$F$78:$F$98)),0),0) -> 1.3505807 | H8: =IF($D8="Proprio",IFERROR(H7/(_xlfn.XLOOKUP(H$6,$F$102:$R$102,$F$103:$R$103)*_xlfn.XLOOKUP($C7,$D$78:$D$98,$F$78:$F$98)),0),0) -> 3.1938019 | I8: =IF($D8="Proprio",IFERROR(I7/(_xlfn.XLOOKUP(I$6,$F$102:$R$102,$F$103:$R$103)*_xlfn.XLOOKUP($C7,$D$78:$D$98,$F$78:$F$98)),0),0) -> 4.0436208 | J8: =IF($D8="Proprio",IFERROR(J7/(_xlfn.XLOOKUP(J$6,$F$102:$R$102,$F$103:$R$103)*_xlfn.XLOOKUP($C7,$D$78:$D$98,$F$78:$F$98)),0),0) -> 4.183056 | K8: =IF($D8="Proprio",IFERROR(K7/(_xlfn.XLOOKUP(K$6,$F$102:$R$102,$F$103:$R$103)*_xlfn.XLOOKUP($C7,$D$78:$D$98,$F$78:$F$98)),0),0) -> 5.202237 | L8: =IF($D8="Proprio",IFERROR(L7/(_xlfn.XLOOKUP(L$6,$F$102:$R$102,$F$103:$R$103)*_xlfn.XLOOKUP($C7,$D$78:$D$98,$F$78:$F$98)),0),0) -> 2.9953005 | M8: =IF($D8="Proprio",IFERROR(M7/(_xlfn.XLOOKUP(M$6,$F$102:$R$102,$F$103:$R$103)*_xlfn.XLOOKUP($C7,$D$78:$D$98,$F$78:$F$98)),0),0) -> 0 | ... Q8: =IF($D8="Proprio",IFERROR(Q7/(_xlfn.XLOOKUP(Q$6,$F$102:$R$102,$F$103:$R$103)*_xlfn.XLOOKUP($C7,$D$78:$D$98,$F$78:$F$98)),0),0) -> 8.4536351 | R8: =IFERROR(R7/(_xlfn.XLOOKUP(R$6,$F$102:$R$102,$F$103:$R$103)*_xlfn.XLOOKUP($C7,$D$78:$D$98,$F$78:$F$98)),0) -> 3.5237998
C9: 1014 | D9: PREPSP | E9: =_xlfn.XLOOKUP(C9,Apoio!A:A,Apoio!B:B) -> Gradagem Intermediária | F9: =SUMIFS(Qtde_Oper_Plantio_Tratos!P:P,Qtde_Oper_Plantio_Tratos!$F:$F,'Dimensionamento Preparo'!$C9,Qtde_Oper_Plantio_Tratos!$I:$I,'Dimensionamento Preparo'!$D9) -> 1080 | G9: =SUMIFS(Qtde_Oper_Plantio_Tratos!Q:Q,Qtde_Oper_Plantio_Tratos!$F:$F,'Dimensionamento Preparo'!$C9,Qtde_Oper_Plantio_Tratos!$I:$I,'Dimensionamento Preparo'!$D9) -> 270 | H9: =SUMIFS(Qtde_Oper_Plantio_Tratos!R:R,Qtde_Oper_Plantio_Tratos!$F:$F,'Dimensionamento Preparo'!$C9,Qtde_Oper_Plantio_Tratos!$I:$I,'Dimensionamento Preparo'!$D9) -> 687.6 | I9: =SUMIFS(Qtde_Oper_Plantio_Tratos!S:S,Qtde_Oper_Plantio_Tratos!$F:$F,'Dimensionamento Preparo'!$C9,Qtde_Oper_Plantio_Tratos!$I:$I,'Dimensionamento Preparo'!$D9) -> 932.742 | J9: =SUMIFS(Qtde_Oper_Plantio_Tratos!T:T,Qtde_Oper_Plantio_Tratos!$F:$F,'Dimensionamento Preparo'!$C9,Qtde_Oper_Plantio_Tratos!$I:$I,'Dimensionamento Preparo'!$D9) -> 932.742 | K9: =SUMIFS(Qtde_Oper_Plantio_Tratos!U:U,Qtde_Oper_Plantio_Tratos!$F:$F,'Dimensionamento Preparo'!$C9,Qtde_Oper_Plantio_Tratos!$I:$I,'Dimensionamento Preparo'!$D9) -> 1080 | L9: =SUMIFS(Qtde_Oper_Plantio_Tratos!V:V,Qtde_Oper_Plantio_Tratos!$F:$F,'Dimensionamento Preparo'!$C9,Qtde_Oper_Plantio_Tratos!$I:$I,'Dimensionamento Preparo'!$D9) -> 535.014 | M9: =SUMIFS(Qtde_Oper_Plantio_Tratos!W:W,Qtde_Oper_Plantio_Tratos!$F:$F,'Dimensionamento Preparo'!$C9,Qtde_Oper_Plantio_Tratos!$I:$I,'Dimensionamento Preparo'!$D9) -> 0 | N9: =SUMIFS(Qtde_Oper_Plantio_Tratos!X:X,Qtde_Oper_Plantio_Tratos!$F:$F,'Dimensionamento Preparo'!$C9,Qtde_Oper_Plantio_Tratos!$I:$I,'Dimensionamento Preparo'!$D9) -> 0 | O9: =SUMIFS(Qtde_Oper_Plantio_Tratos!Y:Y,Qtde_Oper_Plantio_Tratos!$F:$F,'Dimensionamento Preparo'!$C9,Qtde_Oper_Plantio_Tratos!$I:$I,'Dimensionamento Preparo'!$D9) -> 0 | P9: =SUMIFS(Qtde_Oper_Plantio_Tratos!Z:Z,Qtde_Oper_Plantio_Tratos!$F:$F,'Dimensionamento Preparo'!$C9,Qtde_Oper_Plantio_Tratos!$I:$I,'Dimensionamento Preparo'!$D9) -> 360 | Q9: =SUMIFS(Qtde_Oper_Plantio_Tratos!AA:AA,Qtde_Oper_Plantio_Tratos!$F:$F,'Dimensionamento Preparo'!$C9,Qtde_Oper_Plantio_Tratos!$I:$I,'Dimensionamento Preparo'!$D9) -> 1170 | R9: =SUMIFS(Qtde_Oper_Plantio_Tratos!AB:AB,Qtde_Oper_Plantio_Tratos!$F:$F,'Dimensionamento Preparo'!$C9,Qtde_Oper_Plantio_Tratos!$I:$I,'Dimensionamento Preparo'!$D9) -> 7048.098
D10: Proprio | E10: Trator_Preparo | F10: =IF($D10="Proprio",IFERROR(F9/(_xlfn.XLOOKUP(F$6,$F$102:$R$102,$F$103:$R$103)*_xlfn.XLOOKUP($C9,$D$78:$D$98,$F$78:$F$98)),0),0) -> 7.8828028 | G10: =IF($D10="Proprio",IFERROR(G9/(_xlfn.XLOOKUP(G$6,$F$102:$R$102,$F$103:$R$103)*_xlfn.XLOOKUP($C9,$D$78:$D$98,$F$78:$F$98)),0),0) -> 1.7827666 | H10: =IF($D10="Proprio",IFERROR(H9/(_xlfn.XLOOKUP(H$6,$F$102:$R$102,$F$103:$R$103)*_xlfn.XLOOKUP($C9,$D$78:$D$98,$F$78:$F$98)),0),0) -> 4.2158185 | I10: =IF($D10="Proprio",IFERROR(I9/(_xlfn.XLOOKUP(I$6,$F$102:$R$102,$F$103:$R$103)*_xlfn.XLOOKUP($C9,$D$78:$D$98,$F$78:$F$98)),0),0) -> 5.3375794 | J10: =IF($D10="Proprio",IFERROR(J9/(_xlfn.XLOOKUP(J$6,$F$102:$R$102,$F$103:$R$103)*_xlfn.XLOOKUP($C9,$D$78:$D$98,$F$78:$F$98)),0),0) -> 5.5216339 | K10: =IF($D10="Proprio",IFERROR(K9/(_xlfn.XLOOKUP(K$6,$F$102:$R$102,$F$103:$R$103)*_xlfn.XLOOKUP($C9,$D$78:$D$98,$F$78:$F$98)),0),0) -> 6.8669528 | L10: =IF($D10="Proprio",IFERROR(L9/(_xlfn.XLOOKUP(L$6,$F$102:$R$102,$F$103:$R$103)*_xlfn.XLOOKUP($C9,$D$78:$D$98,$F$78:$F$98)),0),0) -> 3.9537966 | M10: =IF($D10="Proprio",IFERROR(M9/(_xlfn.XLOOKUP(M$6,$F$102:$R$102,$F$103:$R$103)*_xlfn.XLOOKUP($C9,$D$78:$D$98,$F$78:$F$98)),0),0) -> 0 | ... Q10: =IF($D10="Proprio",IFERROR(Q9/(_xlfn.XLOOKUP(Q$6,$F$102:$R$102,$F$103:$R$103)*_xlfn.XLOOKUP($C9,$D$78:$D$98,$F$78:$F$98)),0),0) -> 11.158798 | R10: =IFERROR(R9/(_xlfn.XLOOKUP(R$6,$F$102:$R$102,$F$103:$R$103)*_xlfn.XLOOKUP($C9,$D$78:$D$98,$F$78:$F$98)),0) -> 4.6514158
C11: 1015 | D11: PREPSP | E11: =_xlfn.XLOOKUP(C11,Apoio!A:A,Apoio!B:B) -> Gradagem Niveladora | F11: =SUMIFS(Qtde_Oper_Plantio_Tratos!P:P,Qtde_Oper_Plantio_Tratos!$F:$F,'Dimensionamento Preparo'!$C11,Qtde_Oper_Plantio_Tratos!$I:$I,'Dimensionamento Preparo'!$D11) -> 600 | G11: =SUMIFS(Qtde_Oper_Plantio_Tratos!Q:Q,Qtde_Oper_Plantio_Tratos!$F:$F,'Dimensionamento Preparo'!$C11,Qtde_Oper_Plantio_Tratos!$I:$I,'Dimensionamento Preparo'!$D11) -> 150 | H11: =SUMIFS(Qtde_Oper_Plantio_Tratos!R:R,Qtde_Oper_Plantio_Tratos!$F:$F,'Dimensionamento Preparo'!$C11,Qtde_Oper_Plantio_Tratos!$I:$I,'Dimensionamento Preparo'!$D11) -> 382 | I11: =SUMIFS(Qtde_Oper_Plantio_Tratos!S:S,Qtde_Oper_Plantio_Tratos!$F:$F,'Dimensionamento Preparo'!$C11,Qtde_Oper_Plantio_Tratos!$I:$I,'Dimensionamento Preparo'!$D11) -> 518.19 | J11: =SUMIFS(Qtde_Oper_Plantio_Tratos!T:T,Qtde_Oper_Plantio_Tratos!$F:$F,'Dimensionamento Preparo'!$C11,Qtde_Oper_Plantio_Tratos!$I:$I,'Dimensionamento Preparo'!$D11) -> 518.19 | K11: =SUMIFS(Qtde_Oper_Plantio_Tratos!U:U,Qtde_Oper_Plantio_Tratos!$F:$F,'Dimensionamento Preparo'!$C11,Qtde_Oper_Plantio_Tratos!$I:$I,'Dimensionamento Preparo'!$D11) -> 600 | L11: =SUMIFS(Qtde_Oper_Plantio_Tratos!V:V,Qtde_Oper_Plantio_Tratos!$F:$F,'Dimensionamento Preparo'!$C11,Qtde_Oper_Plantio_Tratos!$I:$I,'Dimensionamento Preparo'!$D11) -> 297.23 | M11: =SUMIFS(Qtde_Oper_Plantio_Tratos!W:W,Qtde_Oper_Plantio_Tratos!$F:$F,'Dimensionamento Preparo'!$C11,Qtde_Oper_Plantio_Tratos!$I:$I,'Dimensionamento Preparo'!$D11) -> 0 | N11: =SUMIFS(Qtde_Oper_Plantio_Tratos!X:X,Qtde_Oper_Plantio_Tratos!$F:$F,'Dimensionamento Preparo'!$C11,Qtde_Oper_Plantio_Tratos!$I:$I,'Dimensionamento Preparo'!$D11) -> 0 | O11: =SUMIFS(Qtde_Oper_Plantio_Tratos!Y:Y,Qtde_Oper_Plantio_Tratos!$F:$F,'Dimensionamento Preparo'!$C11,Qtde_Oper_Plantio_Tratos!$I:$I,'Dimensionamento Preparo'!$D11) -> 0 | P11: =SUMIFS(Qtde_Oper_Plantio_Tratos!Z:Z,Qtde_Oper_Plantio_Tratos!$F:$F,'Dimensionamento Preparo'!$C11,Qtde_Oper_Plantio_Tratos!$I:$I,'Dimensionamento Preparo'!$D11) -> 200 | Q11: =SUMIFS(Qtde_Oper_Plantio_Tratos!AA:AA,Qtde_Oper_Plantio_Tratos!$F:$F,'Dimensionamento Preparo'!$C11,Qtde_Oper_Plantio_Tratos!$I:$I,'Dimensionamento Preparo'!$D11) -> 650 | R11: =SUM(F11:Q11) -> 3915.61
D12: Proprio | E12: Trator_Herbicida | F12: =IF($D12="Proprio",IFERROR(F11/(_xlfn.XLOOKUP(F$6,$F$102:$R$102,$F$103:$R$103)*_xlfn.XLOOKUP($C11,$D$78:$D$98,$F$78:$F$98)),0),0) -> 2.9859101 | G12: =IF($D12="Proprio",IFERROR(G11/(_xlfn.XLOOKUP(G$6,$F$102:$R$102,$F$103:$R$103)*_xlfn.XLOOKUP($C11,$D$78:$D$98,$F$78:$F$98)),0),0) -> 0.67529037 | H12: =IF($D12="Proprio",IFERROR(H11/(_xlfn.XLOOKUP(H$6,$F$102:$R$102,$F$103:$R$103)*_xlfn.XLOOKUP($C11,$D$78:$D$98,$F$78:$F$98)),0),0) -> 1.596901 | I12: =IF($D12="Proprio",IFERROR(I11/(_xlfn.XLOOKUP(I$6,$F$102:$R$102,$F$103:$R$103)*_xlfn.XLOOKUP($C11,$D$78:$D$98,$F$78:$F$98)),0),0) -> 2.0218104 | J12: =IF($D12="Proprio",IFERROR(J11/(_xlfn.XLOOKUP(J$6,$F$102:$R$102,$F$103:$R$103)*_xlfn.XLOOKUP($C11,$D$78:$D$98,$F$78:$F$98)),0),0) -> 2.091528 | K12: =IF($D12="Proprio",IFERROR(K11/(_xlfn.XLOOKUP(K$6,$F$102:$R$102,$F$103:$R$103)*_xlfn.XLOOKUP($C11,$D$78:$D$98,$F$78:$F$98)),0),0) -> 2.6011185 | L12: =IF($D12="Proprio",IFERROR(L11/(_xlfn.XLOOKUP(L$6,$F$102:$R$102,$F$103:$R$103)*_xlfn.XLOOKUP($C11,$D$78:$D$98,$F$78:$F$98)),0),0) -> 1.4976502 | M12: =IF($D12="Proprio",IFERROR(M11/(_xlfn.XLOOKUP(M$6,$F$102:$R$102,$F$103:$R$103)*_xlfn.XLOOKUP($C11,$D$78:$D$98,$F$78:$F$98)),0),0) -> 0 | ... Q12: =IF($D12="Proprio",IFERROR(Q11/(_xlfn.XLOOKUP(Q$6,$F$102:$R$102,$F$103:$R$103)*_xlfn.XLOOKUP($C11,$D$78:$D$98,$F$78:$F$98)),0),0) -> 4.2268175 | R12: =IFERROR(R11/(_xlfn.XLOOKUP(R$6,$F$102:$R$102,$F$103:$R$103)*_xlfn.XLOOKUP($C11,$D$78:$D$98,$F$78:$F$98)),0) -> 1.7618999
C13: 1016 | D13: PREPSP | E13: =_xlfn.XLOOKUP(C13,Apoio!A:A,Apoio!B:B) -> Subsolagem | F13: =SUMIFS(Qtde_Oper_Plantio_Tratos!P:P,Qtde_Oper_Plantio_Tratos!$F:$F,'Dimensionamento Preparo'!$C13,Qtde_Oper_Plantio_Tratos!$I:$I,'Dimensionamento Preparo'!$D13) -> 600 | G13: =SUMIFS(Qtde_Oper_Plantio_Tratos!Q:Q,Qtde_Oper_Plantio_Tratos!$F:$F,'Dimensionamento Preparo'!$C13,Qtde_Oper_Plantio_Tratos!$I:$I,'Dimensionamento Preparo'!$D13) -> 150 | H13: =SUMIFS(Qtde_Oper_Plantio_Tratos!R:R,Qtde_Oper_Plantio_Tratos!$F:$F,'Dimensionamento Preparo'!$C13,Qtde_Oper_Plantio_Tratos!$I:$I,'Dimensionamento Preparo'!$D13) -> 382 | I13: =SUMIFS(Qtde_Oper_Plantio_Tratos!S:S,Qtde_Oper_Plantio_Tratos!$F:$F,'Dimensionamento Preparo'!$C13,Qtde_Oper_Plantio_Tratos!$I:$I,'Dimensionamento Preparo'!$D13) -> 518.19 | J13: =SUMIFS(Qtde_Oper_Plantio_Tratos!T:T,Qtde_Oper_Plantio_Tratos!$F:$F,'Dimensionamento Preparo'!$C13,Qtde_Oper_Plantio_Tratos!$I:$I,'Dimensionamento Preparo'!$D13) -> 518.19 | K13: =SUMIFS(Qtde_Oper_Plantio_Tratos!U:U,Qtde_Oper_Plantio_Tratos!$F:$F,'Dimensionamento Preparo'!$C13,Qtde_Oper_Plantio_Tratos!$I:$I,'Dimensionamento Preparo'!$D13) -> 600 | L13: =SUMIFS(Qtde_Oper_Plantio_Tratos!V:V,Qtde_Oper_Plantio_Tratos!$F:$F,'Dimensionamento Preparo'!$C13,Qtde_Oper_Plantio_Tratos!$I:$I,'Dimensionamento Preparo'!$D13) -> 297.23 | M13: =SUMIFS(Qtde_Oper_Plantio_Tratos!W:W,Qtde_Oper_Plantio_Tratos!$F:$F,'Dimensionamento Preparo'!$C13,Qtde_Oper_Plantio_Tratos!$I:$I,'Dimensionamento Preparo'!$D13) -> 0 | N13: =SUMIFS(Qtde_Oper_Plantio_Tratos!X:X,Qtde_Oper_Plantio_Tratos!$F:$F,'Dimensionamento Preparo'!$C13,Qtde_Oper_Plantio_Tratos!$I:$I,'Dimensionamento Preparo'!$D13) -> 0 | O13: =SUMIFS(Qtde_Oper_Plantio_Tratos!Y:Y,Qtde_Oper_Plantio_Tratos!$F:$F,'Dimensionamento Preparo'!$C13,Qtde_Oper_Plantio_Tratos!$I:$I,'Dimensionamento Preparo'!$D13) -> 0 | P13: =SUMIFS(Qtde_Oper_Plantio_Tratos!Z:Z,Qtde_Oper_Plantio_Tratos!$F:$F,'Dimensionamento Preparo'!$C13,Qtde_Oper_Plantio_Tratos!$I:$I,'Dimensionamento Preparo'!$D13) -> 200 | Q13: =SUMIFS(Qtde_Oper_Plantio_Tratos!AA:AA,Qtde_Oper_Plantio_Tratos!$F:$F,'Dimensionamento Preparo'!$C13,Qtde_Oper_Plantio_Tratos!$I:$I,'Dimensionamento Preparo'!$D13) -> 650 | R13: =SUMIFS(Qtde_Oper_Plantio_Tratos!AB:AB,Qtde_Oper_Plantio_Tratos!$F:$F,'Dimensionamento Preparo'!$C13,Qtde_Oper_Plantio_Tratos!$I:$I,'Dimensionamento Preparo'!$D13) -> 3915.61
D14: Proprio | E14: Trator_Preparo | F14: =IF($D14="Proprio",IFERROR(F13/(_xlfn.XLOOKUP(F$6,$F$102:$R$102,$F$103:$R$103)*_xlfn.XLOOKUP($C13,$D$78:$D$98,$F$78:$F$98)),0),0) -> 7.2988915 | G14: =IF($D14="Proprio",IFERROR(G13/(_xlfn.XLOOKUP(G$6,$F$102:$R$102,$F$103:$R$103)*_xlfn.XLOOKUP($C13,$D$78:$D$98,$F$78:$F$98)),0),0) -> 1.6507098 | H14: =IF($D14="Proprio",IFERROR(H13/(_xlfn.XLOOKUP(H$6,$F$102:$R$102,$F$103:$R$103)*_xlfn.XLOOKUP($C13,$D$78:$D$98,$F$78:$F$98)),0),0) -> 3.9035357 | I14: =IF($D14="Proprio",IFERROR(I13/(_xlfn.XLOOKUP(I$6,$F$102:$R$102,$F$103:$R$103)*_xlfn.XLOOKUP($C13,$D$78:$D$98,$F$78:$F$98)),0),0) -> 4.9422031 | J14: =IF($D14="Proprio",IFERROR(J13/(_xlfn.XLOOKUP(J$6,$F$102:$R$102,$F$103:$R$103)*_xlfn.XLOOKUP($C13,$D$78:$D$98,$F$78:$F$98)),0),0) -> 5.1126239 | K14: =IF($D14="Proprio",IFERROR(K13/(_xlfn.XLOOKUP(K$6,$F$102:$R$102,$F$103:$R$103)*_xlfn.XLOOKUP($C13,$D$78:$D$98,$F$78:$F$98)),0),0) -> 6.3582896 | L14: =IF($D14="Proprio",IFERROR(L13/(_xlfn.XLOOKUP(L$6,$F$102:$R$102,$F$103:$R$103)*_xlfn.XLOOKUP($C13,$D$78:$D$98,$F$78:$F$98)),0),0) -> 3.6609228 | M14: =IF($D14="Proprio",IFERROR(M13/(_xlfn.XLOOKUP(M$6,$F$102:$R$102,$F$103:$R$103)*_xlfn.XLOOKUP($C13,$D$78:$D$98,$F$78:$F$98)),0),0) -> 0 | ... Q14: =IF($D14="Proprio",IFERROR(Q13/(_xlfn.XLOOKUP(Q$6,$F$102:$R$102,$F$103:$R$103)*_xlfn.XLOOKUP($C13,$D$78:$D$98,$F$78:$F$98)),0),0) -> 10.332221 | R14: =IFERROR(R13/(_xlfn.XLOOKUP(R$6,$F$102:$R$102,$F$103:$R$103)*_xlfn.XLOOKUP($C13,$D$78:$D$98,$F$78:$F$98)),0) -> 4.3068665
C15: 1019 | D15: PREPSP | E15: =_xlfn.XLOOKUP(C15,Apoio!A:A,Apoio!B:B) -> Destruição De Soqueira / Sph | F15: =SUMIFS(Qtde_Oper_Plantio_Tratos!P:P,Qtde_Oper_Plantio_Tratos!$F:$F,'Dimensionamento Preparo'!$C15,Qtde_Oper_Plantio_Tratos!$I:$I,'Dimensionamento Preparo'!$D15) -> 360 | G15: =SUMIFS(Qtde_Oper_Plantio_Tratos!Q:Q,Qtde_Oper_Plantio_Tratos!$F:$F,'Dimensionamento Preparo'!$C15,Qtde_Oper_Plantio_Tratos!$I:$I,'Dimensionamento Preparo'!$D15) -> 90 | H15: =SUMIFS(Qtde_Oper_Plantio_Tratos!R:R,Qtde_Oper_Plantio_Tratos!$F:$F,'Dimensionamento Preparo'!$C15,Qtde_Oper_Plantio_Tratos!$I:$I,'Dimensionamento Preparo'!$D15) -> 229.2 | I15: =SUMIFS(Qtde_Oper_Plantio_Tratos!S:S,Qtde_Oper_Plantio_Tratos!$F:$F,'Dimensionamento Preparo'!$C15,Qtde_Oper_Plantio_Tratos!$I:$I,'Dimensionamento Preparo'!$D15) -> 310.914 | J15: =SUMIFS(Qtde_Oper_Plantio_Tratos!T:T,Qtde_Oper_Plantio_Tratos!$F:$F,'Dimensionamento Preparo'!$C15,Qtde_Oper_Plantio_Tratos!$I:$I,'Dimensionamento Preparo'!$D15) -> 310.914 | K15: =SUMIFS(Qtde_Oper_Plantio_Tratos!U:U,Qtde_Oper_Plantio_Tratos!$F:$F,'Dimensionamento Preparo'!$C15,Qtde_Oper_Plantio_Tratos!$I:$I,'Dimensionamento Preparo'!$D15) -> 360 | L15: =SUMIFS(Qtde_Oper_Plantio_Tratos!V:V,Qtde_Oper_Plantio_Tratos!$F:$F,'Dimensionamento Preparo'!$C15,Qtde_Oper_Plantio_Tratos!$I:$I,'Dimensionamento Preparo'!$D15) -> 178.338 | M15: =SUMIFS(Qtde_Oper_Plantio_Tratos!W:W,Qtde_Oper_Plantio_Tratos!$F:$F,'Dimensionamento Preparo'!$C15,Qtde_Oper_Plantio_Tratos!$I:$I,'Dimensionamento Preparo'!$D15) -> 0 | N15: =SUMIFS(Qtde_Oper_Plantio_Tratos!X:X,Qtde_Oper_Plantio_Tratos!$F:$F,'Dimensionamento Preparo'!$C15,Qtde_Oper_Plantio_Tratos!$I:$I,'Dimensionamento Preparo'!$D15) -> 0 | O15: =SUMIFS(Qtde_Oper_Plantio_Tratos!Y:Y,Qtde_Oper_Plantio_Tratos!$F:$F,'Dimensionamento Preparo'!$C15,Qtde_Oper_Plantio_Tratos!$I:$I,'Dimensionamento Preparo'!$D15) -> 0 | P15: =SUMIFS(Qtde_Oper_Plantio_Tratos!Z:Z,Qtde_Oper_Plantio_Tratos!$F:$F,'Dimensionamento Preparo'!$C15,Qtde_Oper_Plantio_Tratos!$I:$I,'Dimensionamento Preparo'!$D15) -> 120 | Q15: =SUMIFS(Qtde_Oper_Plantio_Tratos!AA:AA,Qtde_Oper_Plantio_Tratos!$F:$F,'Dimensionamento Preparo'!$C15,Qtde_Oper_Plantio_Tratos!$I:$I,'Dimensionamento Preparo'!$D15) -> 390 | R15: =SUM(F15:Q15) -> 2349.366
D16: Proprio | E16: Trator_Herbicida | F16: =IF($D16="Proprio",IFERROR(F15/(_xlfn.XLOOKUP(F$6,$F$102:$R$102,$F$103:$R$103)*_xlfn.XLOOKUP($C15,$D$78:$D$98,$F$78:$F$98)),0),0) -> 3.5733328 | G16: =IF($D16="Proprio",IFERROR(G15/(_xlfn.XLOOKUP(G$6,$F$102:$R$102,$F$103:$R$103)*_xlfn.XLOOKUP($C15,$D$78:$D$98,$F$78:$F$98)),0),0) -> 0.80814128 | H16: =IF($D16="Proprio",IFERROR(H15/(_xlfn.XLOOKUP(H$6,$F$102:$R$102,$F$103:$R$103)*_xlfn.XLOOKUP($C15,$D$78:$D$98,$F$78:$F$98)),0),0) -> 1.9110617 | I16: =IF($D16="Proprio",IFERROR(I15/(_xlfn.XLOOKUP(I$6,$F$102:$R$102,$F$103:$R$103)*_xlfn.XLOOKUP($C15,$D$78:$D$98,$F$78:$F$98)),0),0) -> 2.4195642 | J16: =IF($D16="Proprio",IFERROR(J15/(_xlfn.XLOOKUP(J$6,$F$102:$R$102,$F$103:$R$103)*_xlfn.XLOOKUP($C15,$D$78:$D$98,$F$78:$F$98)),0),0) -> 2.5029975 | K16: =IF($D16="Proprio",IFERROR(K15/(_xlfn.XLOOKUP(K$6,$F$102:$R$102,$F$103:$R$103)*_xlfn.XLOOKUP($C15,$D$78:$D$98,$F$78:$F$98)),0),0) -> 3.1128405 | L16: =IF($D16="Proprio",IFERROR(L15/(_xlfn.XLOOKUP(L$6,$F$102:$R$102,$F$103:$R$103)*_xlfn.XLOOKUP($C15,$D$78:$D$98,$F$78:$F$98)),0),0) -> 1.7922852 | M16: =IF($D16="Proprio",IFERROR(M15/(_xlfn.XLOOKUP(M$6,$F$102:$R$102,$F$103:$R$103)*_xlfn.XLOOKUP($C15,$D$78:$D$98,$F$78:$F$98)),0),0) -> 0 | ... Q16: =IF($D16="Proprio",IFERROR(Q15/(_xlfn.XLOOKUP(Q$6,$F$102:$R$102,$F$103:$R$103)*_xlfn.XLOOKUP($C15,$D$78:$D$98,$F$78:$F$98)),0),0) -> 5.0583658 | R16: =IFERROR(R15/(_xlfn.XLOOKUP(R$6,$F$102:$R$102,$F$103:$R$103)*_xlfn.XLOOKUP($C15,$D$78:$D$98,$F$78:$F$98)),0) -> 2.1085212
C17: 1011 | D17: PREPSP | E17: =_xlfn.XLOOKUP(C17,Apoio!A:A,Apoio!B:B) -> Aração | F17: =SUMIFS(Qtde_Oper_Plantio_Tratos!P:P,Qtde_Oper_Plantio_Tratos!$F:$F,'Dimensionamento Preparo'!$C17,Qtde_Oper_Plantio_Tratos!$I:$I,'Dimensionamento Preparo'!$D17) -> 0 | G17: =SUMIFS(Qtde_Oper_Plantio_Tratos!Q:Q,Qtde_Oper_Plantio_Tratos!$F:$F,'Dimensionamento Preparo'!$C17,Qtde_Oper_Plantio_Tratos!$I:$I,'Dimensionamento Preparo'!$D17) -> 0 | H17: =SUMIFS(Qtde_Oper_Plantio_Tratos!R:R,Qtde_Oper_Plantio_Tratos!$F:$F,'Dimensionamento Preparo'!$C17,Qtde_Oper_Plantio_Tratos!$I:$I,'Dimensionamento Preparo'!$D17) -> 0 | I17: =SUMIFS(Qtde_Oper_Plantio_Tratos!S:S,Qtde_Oper_Plantio_Tratos!$F:$F,'Dimensionamento Preparo'!$C17,Qtde_Oper_Plantio_Tratos!$I:$I,'Dimensionamento Preparo'!$D17) -> 0 | J17: =SUMIFS(Qtde_Oper_Plantio_Tratos!T:T,Qtde_Oper_Plantio_Tratos!$F:$F,'Dimensionamento Preparo'!$C17,Qtde_Oper_Plantio_Tratos!$I:$I,'Dimensionamento Preparo'!$D17) -> 0 | K17: =SUMIFS(Qtde_Oper_Plantio_Tratos!U:U,Qtde_Oper_Plantio_Tratos!$F:$F,'Dimensionamento Preparo'!$C17,Qtde_Oper_Plantio_Tratos!$I:$I,'Dimensionamento Preparo'!$D17) -> 0 | L17: =SUMIFS(Qtde_Oper_Plantio_Tratos!V:V,Qtde_Oper_Plantio_Tratos!$F:$F,'Dimensionamento Preparo'!$C17,Qtde_Oper_Plantio_Tratos!$I:$I,'Dimensionamento Preparo'!$D17) -> 0 | M17: =SUMIFS(Qtde_Oper_Plantio_Tratos!W:W,Qtde_Oper_Plantio_Tratos!$F:$F,'Dimensionamento Preparo'!$C17,Qtde_Oper_Plantio_Tratos!$I:$I,'Dimensionamento Preparo'!$D17) -> 0 | N17: =SUMIFS(Qtde_Oper_Plantio_Tratos!X:X,Qtde_Oper_Plantio_Tratos!$F:$F,'Dimensionamento Preparo'!$C17,Qtde_Oper_Plantio_Tratos!$I:$I,'Dimensionamento Preparo'!$D17) -> 0 | O17: =SUMIFS(Qtde_Oper_Plantio_Tratos!Y:Y,Qtde_Oper_Plantio_Tratos!$F:$F,'Dimensionamento Preparo'!$C17,Qtde_Oper_Plantio_Tratos!$I:$I,'Dimensionamento Preparo'!$D17) -> 0 | P17: =SUMIFS(Qtde_Oper_Plantio_Tratos!Z:Z,Qtde_Oper_Plantio_Tratos!$F:$F,'Dimensionamento Preparo'!$C17,Qtde_Oper_Plantio_Tratos!$I:$I,'Dimensionamento Preparo'!$D17) -> 0 | Q17: =SUMIFS(Qtde_Oper_Plantio_Tratos!AA:AA,Qtde_Oper_Plantio_Tratos!$F:$F,'Dimensionamento Preparo'!$C17,Qtde_Oper_Plantio_Tratos!$I:$I,'Dimensionamento Preparo'!$D17) -> 0 | R17: =SUMIFS(Qtde_Oper_Plantio_Tratos!AB:AB,Qtde_Oper_Plantio_Tratos!$F:$F,'Dimensionamento Preparo'!$C17,Qtde_Oper_Plantio_Tratos!$I:$I,'Dimensionamento Preparo'!$D17) -> 0
D18: Proprio | E18: Trator_Preparo | F18: =IF($D18="Proprio",IFERROR(F17/(_xlfn.XLOOKUP(F$6,$F$102:$R$102,$F$103:$R$103)*_xlfn.XLOOKUP($C17,$D$78:$D$98,$F$78:$F$98)),0),0) -> 0 | G18: =IF($D18="Proprio",IFERROR(G17/(_xlfn.XLOOKUP(G$6,$F$102:$R$102,$F$103:$R$103)*_xlfn.XLOOKUP($C17,$D$78:$D$98,$F$78:$F$98)),0),0) -> 0 | H18: =IF($D18="Proprio",IFERROR(H17/(_xlfn.XLOOKUP(H$6,$F$102:$R$102,$F$103:$R$103)*_xlfn.XLOOKUP($C17,$D$78:$D$98,$F$78:$F$98)),0),0) -> 0 | I18: =IF($D18="Proprio",IFERROR(I17/(_xlfn.XLOOKUP(I$6,$F$102:$R$102,$F$103:$R$103)*_xlfn.XLOOKUP($C17,$D$78:$D$98,$F$78:$F$98)),0),0) -> 0 | J18: =IF($D18="Proprio",IFERROR(J17/(_xlfn.XLOOKUP(J$6,$F$102:$R$102,$F$103:$R$103)*_xlfn.XLOOKUP($C17,$D$78:$D$98,$F$78:$F$98)),0),0) -> 0 | K18: =IF($D18="Proprio",IFERROR(K17/(_xlfn.XLOOKUP(K$6,$F$102:$R$102,$F$103:$R$103)*_xlfn.XLOOKUP($C17,$D$78:$D$98,$F$78:$F$98)),0),0) -> 0 | L18: =IF($D18="Proprio",IFERROR(L17/(_xlfn.XLOOKUP(L$6,$F$102:$R$102,$F$103:$R$103)*_xlfn.XLOOKUP($C17,$D$78:$D$98,$F$78:$F$98)),0),0) -> 0 | M18: =IF($D18="Proprio",IFERROR(M17/(_xlfn.XLOOKUP(M$6,$F$102:$R$102,$F$103:$R$103)*_xlfn.XLOOKUP($C17,$D$78:$D$98,$F$78:$F$98)),0),0) -> 0 | ... Q18: =IF($D18="Proprio",IFERROR(Q17/(_xlfn.XLOOKUP(Q$6,$F$102:$R$102,$F$103:$R$103)*_xlfn.XLOOKUP($C17,$D$78:$D$98,$F$78:$F$98)),0),0) -> 0 | R18: =IFERROR(R17/(_xlfn.XLOOKUP(R$6,$F$102:$R$102,$F$103:$R$103)*_xlfn.XLOOKUP($C17,$D$78:$D$98,$F$78:$F$98)),0) -> 0
C19: 1033 | D19: TRATCSP | E19: =_xlfn.XLOOKUP(C19,Apoio!A:A,Apoio!B:B) -> Aplicação De Torta De Filtro | F19: =SUMIFS(Qtde_Oper_Plantio_Tratos!P:P,Qtde_Oper_Plantio_Tratos!$F:$F,'Dimensionamento Preparo'!$C19,Qtde_Oper_Plantio_Tratos!$I:$I,'Dimensionamento Preparo'!$D19) -> 322.16 | G19: =SUMIFS(Qtde_Oper_Plantio_Tratos!Q:Q,Qtde_Oper_Plantio_Tratos!$F:$F,'Dimensionamento Preparo'!$C19,Qtde_Oper_Plantio_Tratos!$I:$I,'Dimensionamento Preparo'!$D19) -> 543.24 | H19: =SUMIFS(Qtde_Oper_Plantio_Tratos!R:R,Qtde_Oper_Plantio_Tratos!$F:$F,'Dimensionamento Preparo'!$C19,Qtde_Oper_Plantio_Tratos!$I:$I,'Dimensionamento Preparo'!$D19) -> 291.06 | I19: =SUMIFS(Qtde_Oper_Plantio_Tratos!S:S,Qtde_Oper_Plantio_Tratos!$F:$F,'Dimensionamento Preparo'!$C19,Qtde_Oper_Plantio_Tratos!$I:$I,'Dimensionamento Preparo'!$D19) -> 120.53 | J19: =SUMIFS(Qtde_Oper_Plantio_Tratos!T:T,Qtde_Oper_Plantio_Tratos!$F:$F,'Dimensionamento Preparo'!$C19,Qtde_Oper_Plantio_Tratos!$I:$I,'Dimensionamento Preparo'!$D19) -> 106.19 | K19: =SUMIFS(Qtde_Oper_Plantio_Tratos!U:U,Qtde_Oper_Plantio_Tratos!$F:$F,'Dimensionamento Preparo'!$C19,Qtde_Oper_Plantio_Tratos!$I:$I,'Dimensionamento Preparo'!$D19) -> 262.37 | L19: =SUMIFS(Qtde_Oper_Plantio_Tratos!V:V,Qtde_Oper_Plantio_Tratos!$F:$F,'Dimensionamento Preparo'!$C19,Qtde_Oper_Plantio_Tratos!$I:$I,'Dimensionamento Preparo'!$D19) -> 593.81 | M19: =SUMIFS(Qtde_Oper_Plantio_Tratos!W:W,Qtde_Oper_Plantio_Tratos!$F:$F,'Dimensionamento Preparo'!$C19,Qtde_Oper_Plantio_Tratos!$I:$I,'Dimensionamento Preparo'!$D19) -> 337.88 | N19: =SUMIFS(Qtde_Oper_Plantio_Tratos!X:X,Qtde_Oper_Plantio_Tratos!$F:$F,'Dimensionamento Preparo'!$C19,Qtde_Oper_Plantio_Tratos!$I:$I,'Dimensionamento Preparo'!$D19) -> 0 | O19: =SUMIFS(Qtde_Oper_Plantio_Tratos!Y:Y,Qtde_Oper_Plantio_Tratos!$F:$F,'Dimensionamento Preparo'!$C19,Qtde_Oper_Plantio_Tratos!$I:$I,'Dimensionamento Preparo'!$D19) -> 0 | P19: =SUMIFS(Qtde_Oper_Plantio_Tratos!Z:Z,Qtde_Oper_Plantio_Tratos!$F:$F,'Dimensionamento Preparo'!$C19,Qtde_Oper_Plantio_Tratos!$I:$I,'Dimensionamento Preparo'!$D19) -> 0 | Q19: =SUMIFS(Qtde_Oper_Plantio_Tratos!AA:AA,Qtde_Oper_Plantio_Tratos!$F:$F,'Dimensionamento Preparo'!$C19,Qtde_Oper_Plantio_Tratos!$I:$I,'Dimensionamento Preparo'!$D19) -> 0 | R19: =SUM(F19:Q19) -> 2577.24
D20: Proprio | E20: Trator_Preparo | F20: =IF($D20="Proprio",IFERROR(F19/(_xlfn.XLOOKUP(F$6,$F$102:$R$102,$F$103:$R$103)*_xlfn.XLOOKUP($C19,$D$78:$D$98,$F$78:$F$98)),0),0) -> 4.6066037 | G20: =IF($D20="Proprio",IFERROR(G19/(_xlfn.XLOOKUP(G$6,$F$102:$R$102,$F$103:$R$103)*_xlfn.XLOOKUP($C19,$D$78:$D$98,$F$78:$F$98)),0),0) -> 7.0270783 | H20: =IF($D20="Proprio",IFERROR(H19/(_xlfn.XLOOKUP(H$6,$F$102:$R$102,$F$103:$R$103)*_xlfn.XLOOKUP($C19,$D$78:$D$98,$F$78:$F$98)),0),0) -> 3.4960762 | I20: =IF($D20="Proprio",IFERROR(I19/(_xlfn.XLOOKUP(I$6,$F$102:$R$102,$F$103:$R$103)*_xlfn.XLOOKUP($C19,$D$78:$D$98,$F$78:$F$98)),0),0) -> 1.3512332 | J20: =IF($D20="Proprio",IFERROR(J19/(_xlfn.XLOOKUP(J$6,$F$102:$R$102,$F$103:$R$103)*_xlfn.XLOOKUP($C19,$D$78:$D$98,$F$78:$F$98)),0),0) -> 1.2315216 | K20: =IF($D20="Proprio",IFERROR(K19/(_xlfn.XLOOKUP(K$6,$F$102:$R$102,$F$103:$R$103)*_xlfn.XLOOKUP($C19,$D$78:$D$98,$F$78:$F$98)),0),0) -> 3.2681863 | L20: =IF($D20="Proprio",IFERROR(L19/(_xlfn.XLOOKUP(L$6,$F$102:$R$102,$F$103:$R$103)*_xlfn.XLOOKUP($C19,$D$78:$D$98,$F$78:$F$98)),0),0) -> 8.5970413 | M20: =IF($D20="Proprio",IFERROR(M19/(_xlfn.XLOOKUP(M$6,$F$102:$R$102,$F$103:$R$103)*_xlfn.XLOOKUP($C19,$D$78:$D$98,$F$78:$F$98)),0),0) -> 5.4687216 | ... Q20: =IF($D20="Proprio",IFERROR(Q19/(_xlfn.XLOOKUP(Q$6,$F$102:$R$102,$F$103:$R$103)*_xlfn.XLOOKUP($C19,$D$78:$D$98,$F$78:$F$98)),0),0) -> 0 | R20: =IFERROR(R19/(_xlfn.XLOOKUP(R$6,$F$102:$R$102,$F$103:$R$103)*_xlfn.XLOOKUP($C19,$D$78:$D$98,$F$78:$F$98)),0) -> 3.3321184
C21: 1081 | D21: PREPSP | E21: =_xlfn.XLOOKUP(C21,Apoio!A:A,Apoio!B:B) -> Canterizador De Cana | F21: =SUMIFS(Qtde_Oper_Plantio_Tratos!P:P,Qtde_Oper_Plantio_Tratos!$F:$F,'Dimensionamento Preparo'!$C21,Qtde_Oper_Plantio_Tratos!$I:$I,'Dimensionamento Preparo'!$D21) -> 180 | G21: =SUMIFS(Qtde_Oper_Plantio_Tratos!Q:Q,Qtde_Oper_Plantio_Tratos!$F:$F,'Dimensionamento Preparo'!$C21,Qtde_Oper_Plantio_Tratos!$I:$I,'Dimensionamento Preparo'!$D21) -> 45 | H21: =SUMIFS(Qtde_Oper_Plantio_Tratos!R:R,Qtde_Oper_Plantio_Tratos!$F:$F,'Dimensionamento Preparo'!$C21,Qtde_Oper_Plantio_Tratos!$I:$I,'Dimensionamento Preparo'!$D21) -> 114.6 | I21: =SUMIFS(Qtde_Oper_Plantio_Tratos!S:S,Qtde_Oper_Plantio_Tratos!$F:$F,'Dimensionamento Preparo'!$C21,Qtde_Oper_Plantio_Tratos!$I:$I,'Dimensionamento Preparo'!$D21) -> 155.457 | J21: =SUMIFS(Qtde_Oper_Plantio_Tratos!T:T,Qtde_Oper_Plantio_Tratos!$F:$F,'Dimensionamento Preparo'!$C21,Qtde_Oper_Plantio_Tratos!$I:$I,'Dimensionamento Preparo'!$D21) -> 155.457 | K21: =SUMIFS(Qtde_Oper_Plantio_Tratos!U:U,Qtde_Oper_Plantio_Tratos!$F:$F,'Dimensionamento Preparo'!$C21,Qtde_Oper_Plantio_Tratos!$I:$I,'Dimensionamento Preparo'!$D21) -> 180 | L21: =SUMIFS(Qtde_Oper_Plantio_Tratos!V:V,Qtde_Oper_Plantio_Tratos!$F:$F,'Dimensionamento Preparo'!$C21,Qtde_Oper_Plantio_Tratos!$I:$I,'Dimensionamento Preparo'!$D21) -> 89.169 | M21: =SUMIFS(Qtde_Oper_Plantio_Tratos!W:W,Qtde_Oper_Plantio_Tratos!$F:$F,'Dimensionamento Preparo'!$C21,Qtde_Oper_Plantio_Tratos!$I:$I,'Dimensionamento Preparo'!$D21) -> 0 | N21: =SUMIFS(Qtde_Oper_Plantio_Tratos!X:X,Qtde_Oper_Plantio_Tratos!$F:$F,'Dimensionamento Preparo'!$C21,Qtde_Oper_Plantio_Tratos!$I:$I,'Dimensionamento Preparo'!$D21) -> 0 | O21: =SUMIFS(Qtde_Oper_Plantio_Tratos!Y:Y,Qtde_Oper_Plantio_Tratos!$F:$F,'Dimensionamento Preparo'!$C21,Qtde_Oper_Plantio_Tratos!$I:$I,'Dimensionamento Preparo'!$D21) -> 0 | P21: =SUMIFS(Qtde_Oper_Plantio_Tratos!Z:Z,Qtde_Oper_Plantio_Tratos!$F:$F,'Dimensionamento Preparo'!$C21,Qtde_Oper_Plantio_Tratos!$I:$I,'Dimensionamento Preparo'!$D21) -> 60 | Q21: =SUMIFS(Qtde_Oper_Plantio_Tratos!AA:AA,Qtde_Oper_Plantio_Tratos!$F:$F,'Dimensionamento Preparo'!$C21,Qtde_Oper_Plantio_Tratos!$I:$I,'Dimensionamento Preparo'!$D21) -> 195 | R21: =SUMIFS(Qtde_Oper_Plantio_Tratos!AB:AB,Qtde_Oper_Plantio_Tratos!$F:$F,'Dimensionamento Preparo'!$C21,Qtde_Oper_Plantio_Tratos!$I:$I,'Dimensionamento Preparo'!$D21) -> 1174.683
D22: Proprio | E22: Trator_Preparo | F22: =IF($D22="Proprio",IFERROR(F21/(_xlfn.XLOOKUP(F$6,$F$102:$R$102,$F$103:$R$103)*_xlfn.XLOOKUP($C21,$D$78:$D$98,$F$78:$F$98)),0),0) -> 1.7866664 | G22: =IF($D22="Proprio",IFERROR(G21/(_xlfn.XLOOKUP(G$6,$F$102:$R$102,$F$103:$R$103)*_xlfn.XLOOKUP($C21,$D$78:$D$98,$F$78:$F$98)),0),0) -> 0.40407064 | H22: =IF($D22="Proprio",IFERROR(H21/(_xlfn.XLOOKUP(H$6,$F$102:$R$102,$F$103:$R$103)*_xlfn.XLOOKUP($C21,$D$78:$D$98,$F$78:$F$98)),0),0) -> 0.95553085 | I22: =IF($D22="Proprio",IFERROR(I21/(_xlfn.XLOOKUP(I$6,$F$102:$R$102,$F$103:$R$103)*_xlfn.XLOOKUP($C21,$D$78:$D$98,$F$78:$F$98)),0),0) -> 1.2097821 | J22: =IF($D22="Proprio",IFERROR(J21/(_xlfn.XLOOKUP(J$6,$F$102:$R$102,$F$103:$R$103)*_xlfn.XLOOKUP($C21,$D$78:$D$98,$F$78:$F$98)),0),0) -> 1.2514987 | K22: =IF($D22="Proprio",IFERROR(K21/(_xlfn.XLOOKUP(K$6,$F$102:$R$102,$F$103:$R$103)*_xlfn.XLOOKUP($C21,$D$78:$D$98,$F$78:$F$98)),0),0) -> 1.5564202 | L22: =IF($D22="Proprio",IFERROR(L21/(_xlfn.XLOOKUP(L$6,$F$102:$R$102,$F$103:$R$103)*_xlfn.XLOOKUP($C21,$D$78:$D$98,$F$78:$F$98)),0),0) -> 0.89614261 | M22: =IF($D22="Proprio",IFERROR(M21/(_xlfn.XLOOKUP(M$6,$F$102:$R$102,$F$103:$R$103)*_xlfn.XLOOKUP($C21,$D$78:$D$98,$F$78:$F$98)),0),0) -> 0 | ... Q22: =IF($D22="Proprio",IFERROR(Q21/(_xlfn.XLOOKUP(Q$6,$F$102:$R$102,$F$103:$R$103)*_xlfn.XLOOKUP($C21,$D$78:$D$98,$F$78:$F$98)),0),0) -> 2.5291829 | R22: =IFERROR(R21/(_xlfn.XLOOKUP(R$6,$F$102:$R$102,$F$103:$R$103)*_xlfn.XLOOKUP($C21,$D$78:$D$98,$F$78:$F$98)),0) -> 1.0542606
C23: 1071 | D23: PREPSP | E23: =_xlfn.XLOOKUP(C23,Apoio!A:A,Apoio!B:B) -> Aplicação Mista Correção Solo | F23: =SUMIFS(Qtde_Oper_Plantio_Tratos!P:P,Qtde_Oper_Plantio_Tratos!$F:$F,'Dimensionamento Preparo'!$C23,Qtde_Oper_Plantio_Tratos!$I:$I,'Dimensionamento Preparo'!$D23) -> 180 | G23: =SUMIFS(Qtde_Oper_Plantio_Tratos!Q:Q,Qtde_Oper_Plantio_Tratos!$F:$F,'Dimensionamento Preparo'!$C23,Qtde_Oper_Plantio_Tratos!$I:$I,'Dimensionamento Preparo'!$D23) -> 45 | H23: =SUMIFS(Qtde_Oper_Plantio_Tratos!R:R,Qtde_Oper_Plantio_Tratos!$F:$F,'Dimensionamento Preparo'!$C23,Qtde_Oper_Plantio_Tratos!$I:$I,'Dimensionamento Preparo'!$D23) -> 114.6 | I23: =SUMIFS(Qtde_Oper_Plantio_Tratos!S:S,Qtde_Oper_Plantio_Tratos!$F:$F,'Dimensionamento Preparo'!$C23,Qtde_Oper_Plantio_Tratos!$I:$I,'Dimensionamento Preparo'!$D23) -> 155.457 | J23: =SUMIFS(Qtde_Oper_Plantio_Tratos!T:T,Qtde_Oper_Plantio_Tratos!$F:$F,'Dimensionamento Preparo'!$C23,Qtde_Oper_Plantio_Tratos!$I:$I,'Dimensionamento Preparo'!$D23) -> 155.457 | K23: =SUMIFS(Qtde_Oper_Plantio_Tratos!U:U,Qtde_Oper_Plantio_Tratos!$F:$F,'Dimensionamento Preparo'!$C23,Qtde_Oper_Plantio_Tratos!$I:$I,'Dimensionamento Preparo'!$D23) -> 180 | L23: =SUMIFS(Qtde_Oper_Plantio_Tratos!V:V,Qtde_Oper_Plantio_Tratos!$F:$F,'Dimensionamento Preparo'!$C23,Qtde_Oper_Plantio_Tratos!$I:$I,'Dimensionamento Preparo'!$D23) -> 89.169 | M23: =SUMIFS(Qtde_Oper_Plantio_Tratos!W:W,Qtde_Oper_Plantio_Tratos!$F:$F,'Dimensionamento Preparo'!$C23,Qtde_Oper_Plantio_Tratos!$I:$I,'Dimensionamento Preparo'!$D23) -> 0 | N23: =SUMIFS(Qtde_Oper_Plantio_Tratos!X:X,Qtde_Oper_Plantio_Tratos!$F:$F,'Dimensionamento Preparo'!$C23,Qtde_Oper_Plantio_Tratos!$I:$I,'Dimensionamento Preparo'!$D23) -> 0 | O23: =SUMIFS(Qtde_Oper_Plantio_Tratos!Y:Y,Qtde_Oper_Plantio_Tratos!$F:$F,'Dimensionamento Preparo'!$C23,Qtde_Oper_Plantio_Tratos!$I:$I,'Dimensionamento Preparo'!$D23) -> 0 | P23: =SUMIFS(Qtde_Oper_Plantio_Tratos!Z:Z,Qtde_Oper_Plantio_Tratos!$F:$F,'Dimensionamento Preparo'!$C23,Qtde_Oper_Plantio_Tratos!$I:$I,'Dimensionamento Preparo'!$D23) -> 60 | Q23: =SUMIFS(Qtde_Oper_Plantio_Tratos!AA:AA,Qtde_Oper_Plantio_Tratos!$F:$F,'Dimensionamento Preparo'!$C23,Qtde_Oper_Plantio_Tratos!$I:$I,'Dimensionamento Preparo'!$D23) -> 195 | R23: =SUM(F23:Q23) -> 1174.683
D24: Proprio | E24: Trator_Preparo | F24: =IF($D24="Proprio",IFERROR(F23/(_xlfn.XLOOKUP(F$6,$F$102:$R$102,$F$103:$R$103)*_xlfn.XLOOKUP($C23,$D$78:$D$98,$F$78:$F$98)),0),0) -> 0.52657484 | G24: =IF($D24="Proprio",IFERROR(G23/(_xlfn.XLOOKUP(G$6,$F$102:$R$102,$F$103:$R$103)*_xlfn.XLOOKUP($C23,$D$78:$D$98,$F$78:$F$98)),0),0) -> 0.11908963 | H24: =IF($D24="Proprio",IFERROR(H23/(_xlfn.XLOOKUP(H$6,$F$102:$R$102,$F$103:$R$103)*_xlfn.XLOOKUP($C23,$D$78:$D$98,$F$78:$F$98)),0),0) -> 0.28161861 | I24: =IF($D24="Proprio",IFERROR(I23/(_xlfn.XLOOKUP(I$6,$F$102:$R$102,$F$103:$R$103)*_xlfn.XLOOKUP($C23,$D$78:$D$98,$F$78:$F$98)),0),0) -> 0.35655275 | J24: =IF($D24="Proprio",IFERROR(J23/(_xlfn.XLOOKUP(J$6,$F$102:$R$102,$F$103:$R$103)*_xlfn.XLOOKUP($C23,$D$78:$D$98,$F$78:$F$98)),0),0) -> 0.36884767 | K24: =IF($D24="Proprio",IFERROR(K23/(_xlfn.XLOOKUP(K$6,$F$102:$R$102,$F$103:$R$103)*_xlfn.XLOOKUP($C23,$D$78:$D$98,$F$78:$F$98)),0),0) -> 0.4587156 | L24: =IF($D24="Proprio",IFERROR(L23/(_xlfn.XLOOKUP(L$6,$F$102:$R$102,$F$103:$R$103)*_xlfn.XLOOKUP($C23,$D$78:$D$98,$F$78:$F$98)),0),0) -> 0.26411543 | M24: =IF($D24="Proprio",IFERROR(M23/(_xlfn.XLOOKUP(M$6,$F$102:$R$102,$F$103:$R$103)*_xlfn.XLOOKUP($C23,$D$78:$D$98,$F$78:$F$98)),0),0) -> 0 | ... Q24: =IF($D24="Proprio",IFERROR(Q23/(_xlfn.XLOOKUP(Q$6,$F$102:$R$102,$F$103:$R$103)*_xlfn.XLOOKUP($C23,$D$78:$D$98,$F$78:$F$98)),0),0) -> 0.74541284 | R24: =IFERROR(R23/(_xlfn.XLOOKUP(R$6,$F$102:$R$102,$F$103:$R$103)*_xlfn.XLOOKUP($C23,$D$78:$D$98,$F$78:$F$98)),0) -> 0.31071671
E25: =_xlfn.XLOOKUP(C25,Apoio!A:A,Apoio!B:B) -> 0 | F25: =SUMIFS(Qtde_Oper_Plantio_Tratos!P:P,Qtde_Oper_Plantio_Tratos!$F:$F,'Dimensionamento Preparo'!$C25,Qtde_Oper_Plantio_Tratos!$I:$I,'Dimensionamento Preparo'!$D25) -> 0 | G25: =SUMIFS(Qtde_Oper_Plantio_Tratos!Q:Q,Qtde_Oper_Plantio_Tratos!$F:$F,'Dimensionamento Preparo'!$C25,Qtde_Oper_Plantio_Tratos!$I:$I,'Dimensionamento Preparo'!$D25) -> 0 | H25: =SUMIFS(Qtde_Oper_Plantio_Tratos!R:R,Qtde_Oper_Plantio_Tratos!$F:$F,'Dimensionamento Preparo'!$C25,Qtde_Oper_Plantio_Tratos!$I:$I,'Dimensionamento Preparo'!$D25) -> 0 | I25: =SUMIFS(Qtde_Oper_Plantio_Tratos!S:S,Qtde_Oper_Plantio_Tratos!$F:$F,'Dimensionamento Preparo'!$C25,Qtde_Oper_Plantio_Tratos!$I:$I,'Dimensionamento Preparo'!$D25) -> 0 | J25: =SUMIFS(Qtde_Oper_Plantio_Tratos!T:T,Qtde_Oper_Plantio_Tratos!$F:$F,'Dimensionamento Preparo'!$C25,Qtde_Oper_Plantio_Tratos!$I:$I,'Dimensionamento Preparo'!$D25) -> 0 | K25: =SUMIFS(Qtde_Oper_Plantio_Tratos!U:U,Qtde_Oper_Plantio_Tratos!$F:$F,'Dimensionamento Preparo'!$C25,Qtde_Oper_Plantio_Tratos!$I:$I,'Dimensionamento Preparo'!$D25) -> 0 | L25: =SUMIFS(Qtde_Oper_Plantio_Tratos!V:V,Qtde_Oper_Plantio_Tratos!$F:$F,'Dimensionamento Preparo'!$C25,Qtde_Oper_Plantio_Tratos!$I:$I,'Dimensionamento Preparo'!$D25) -> 0 | M25: =SUMIFS(Qtde_Oper_Plantio_Tratos!W:W,Qtde_Oper_Plantio_Tratos!$F:$F,'Dimensionamento Preparo'!$C25,Qtde_Oper_Plantio_Tratos!$I:$I,'Dimensionamento Preparo'!$D25) -> 0 | N25: =SUMIFS(Qtde_Oper_Plantio_Tratos!X:X,Qtde_Oper_Plantio_Tratos!$F:$F,'Dimensionamento Preparo'!$C25,Qtde_Oper_Plantio_Tratos!$I:$I,'Dimensionamento Preparo'!$D25) -> 0 | O25: =SUMIFS(Qtde_Oper_Plantio_Tratos!Y:Y,Qtde_Oper_Plantio_Tratos!$F:$F,'Dimensionamento Preparo'!$C25,Qtde_Oper_Plantio_Tratos!$I:$I,'Dimensionamento Preparo'!$D25) -> 0 | P25: =SUMIFS(Qtde_Oper_Plantio_Tratos!Z:Z,Qtde_Oper_Plantio_Tratos!$F:$F,'Dimensionamento Preparo'!$C25,Qtde_Oper_Plantio_Tratos!$I:$I,'Dimensionamento Preparo'!$D25) -> 0 | Q25: =SUMIFS(Qtde_Oper_Plantio_Tratos!AA:AA,Qtde_Oper_Plantio_Tratos!$F:$F,'Dimensionamento Preparo'!$C25,Qtde_Oper_Plantio_Tratos!$I:$I,'Dimensionamento Preparo'!$D25) -> 0 | R25: =SUMIFS(Qtde_Oper_Plantio_Tratos!AB:AB,Qtde_Oper_Plantio_Tratos!$F:$F,'Dimensionamento Preparo'!$C25,Qtde_Oper_Plantio_Tratos!$I:$I,'Dimensionamento Preparo'!$D25) -> 0
D26: Proprio | E26: Trator_Preparo | F26: =IF($D26="Proprio",IFERROR(F25/(_xlfn.XLOOKUP(F$6,$F$102:$R$102,$F$103:$R$103)*_xlfn.XLOOKUP($C25,$D$78:$D$98,$F$78:$F$98)),0),0) -> 0 | G26: =IF($D26="Proprio",IFERROR(G25/(_xlfn.XLOOKUP(G$6,$F$102:$R$102,$F$103:$R$103)*_xlfn.XLOOKUP($C25,$D$78:$D$98,$F$78:$F$98)),0),0) -> 0 | H26: =IF($D26="Proprio",IFERROR(H25/(_xlfn.XLOOKUP(H$6,$F$102:$R$102,$F$103:$R$103)*_xlfn.XLOOKUP($C25,$D$78:$D$98,$F$78:$F$98)),0),0) -> 0 | I26: =IF($D26="Proprio",IFERROR(I25/(_xlfn.XLOOKUP(I$6,$F$102:$R$102,$F$103:$R$103)*_xlfn.XLOOKUP($C25,$D$78:$D$98,$F$78:$F$98)),0),0) -> 0 | J26: =IF($D26="Proprio",IFERROR(J25/(_xlfn.XLOOKUP(J$6,$F$102:$R$102,$F$103:$R$103)*_xlfn.XLOOKUP($C25,$D$78:$D$98,$F$78:$F$98)),0),0) -> 0 | K26: =IF($D26="Proprio",IFERROR(K25/(_xlfn.XLOOKUP(K$6,$F$102:$R$102,$F$103:$R$103)*_xlfn.XLOOKUP($C25,$D$78:$D$98,$F$78:$F$98)),0),0) -> 0 | L26: =IF($D26="Proprio",IFERROR(L25/(_xlfn.XLOOKUP(L$6,$F$102:$R$102,$F$103:$R$103)*_xlfn.XLOOKUP($C25,$D$78:$D$98,$F$78:$F$98)),0),0) -> 0 | M26: =IF($D26="Proprio",IFERROR(M25/(_xlfn.XLOOKUP(M$6,$F$102:$R$102,$F$103:$R$103)*_xlfn.XLOOKUP($C25,$D$78:$D$98,$F$78:$F$98)),0),0) -> 0 | ... Q26: =IF($D26="Proprio",IFERROR(Q25/(_xlfn.XLOOKUP(Q$6,$F$102:$R$102,$F$103:$R$103)*_xlfn.XLOOKUP($C25,$D$78:$D$98,$F$78:$F$98)),0),0) -> 0 | R26: =IFERROR(R25/(_xlfn.XLOOKUP(R$6,$F$102:$R$102,$F$103:$R$103)*_xlfn.XLOOKUP($C25,$D$78:$D$98,$F$78:$F$98)),0) -> 0
E27: Nec_Tratores | F27: =ROUNDUP(SUM(F26,F24,F22,F18,F16,F14,F12,F10,F8),0) -> 31 | G27: =ROUNDUP(SUM(G26,G24,G22,G18,G16,G14,G12,G10,G8),0) -> 7 | H27: =ROUNDUP(SUM(H26,H24,H22,H18,H16,H14,H12,H10,H8),0) -> 17 | I27: =ROUNDUP(SUM(I26,I24,I22,I18,I16,I14,I12,I10,I8),0) -> 21 | J27: =ROUNDUP(SUM(J26,J24,J22,J18,J16,J14,J12,J10,J8),0) -> 22 | K27: =ROUNDUP(SUM(K26,K24,K22,K18,K16,K14,K12,K10,K8),0) -> 27 | L27: =ROUNDUP(SUM(L26,L24,L22,L18,L16,L14,L12,L10,L8),0) -> 16 | M27: =ROUNDUP(SUM(M26,M24,M22,M18,M16,M14,M12,M10,M8),0) -> 0 | ... R27: =ROUNDUP(SUM(R26,R24,R22,R18,R16,R14,R12,R10,R8),0) -> 18
E28: Disp_Tratores | F28: =SUMIFS($F65:$F73,$E$65:$E$73,$E26) -> 12 | G28: =SUMIFS($F65:$F73,$E$65:$E$73,$E26) -> 12 | H28: =SUMIFS($F65:$F73,$E$65:$E$73,$E26) -> 12 | I28: =SUMIFS($F65:$F73,$E$65:$E$73,$E26) -> 12 | J28: =SUMIFS($F65:$F73,$E$65:$E$73,$E26) -> 12 | K28: =SUMIFS($F65:$F73,$E$65:$E$73,$E26) -> 12 | L28: =SUMIFS($F65:$F73,$E$65:$E$73,$E26) -> 12 | M28: =SUMIFS($F65:$F73,$E$65:$E$73,$E26) -> 12 | ... R28: =SUMIFS($F65:$F73,$E$65:$E$73,$E26) -> 12
B30: Maquinas_Amarela | C30: 1001 | D30: PREPSP | E30: =_xlfn.XLOOKUP(C30,Apoio!A:A,Apoio!B:B) -> Terraceamento | F30: =SUMIFS(Qtde_Oper_Plantio_Tratos!P:P,Qtde_Oper_Plantio_Tratos!$F:$F,'Dimensionamento Preparo'!$C30,Qtde_Oper_Plantio_Tratos!$I:$I,'Dimensionamento Preparo'!$D30) -> 48 | G30: =SUMIFS(Qtde_Oper_Plantio_Tratos!Q:Q,Qtde_Oper_Plantio_Tratos!$F:$F,'Dimensionamento Preparo'!$C30,Qtde_Oper_Plantio_Tratos!$I:$I,'Dimensionamento Preparo'!$D30) -> 12 | H30: =SUMIFS(Qtde_Oper_Plantio_Tratos!R:R,Qtde_Oper_Plantio_Tratos!$F:$F,'Dimensionamento Preparo'!$C30,Qtde_Oper_Plantio_Tratos!$I:$I,'Dimensionamento Preparo'!$D30) -> 30.56 | I30: =SUMIFS(Qtde_Oper_Plantio_Tratos!S:S,Qtde_Oper_Plantio_Tratos!$F:$F,'Dimensionamento Preparo'!$C30,Qtde_Oper_Plantio_Tratos!$I:$I,'Dimensionamento Preparo'!$D30) -> 41.4552 | J30: =SUMIFS(Qtde_Oper_Plantio_Tratos!T:T,Qtde_Oper_Plantio_Tratos!$F:$F,'Dimensionamento Preparo'!$C30,Qtde_Oper_Plantio_Tratos!$I:$I,'Dimensionamento Preparo'!$D30) -> 41.4552 | K30: =SUMIFS(Qtde_Oper_Plantio_Tratos!U:U,Qtde_Oper_Plantio_Tratos!$F:$F,'Dimensionamento Preparo'!$C30,Qtde_Oper_Plantio_Tratos!$I:$I,'Dimensionamento Preparo'!$D30) -> 48 | L30: =SUMIFS(Qtde_Oper_Plantio_Tratos!V:V,Qtde_Oper_Plantio_Tratos!$F:$F,'Dimensionamento Preparo'!$C30,Qtde_Oper_Plantio_Tratos!$I:$I,'Dimensionamento Preparo'!$D30) -> 23.7784 | M30: =SUMIFS(Qtde_Oper_Plantio_Tratos!W:W,Qtde_Oper_Plantio_Tratos!$F:$F,'Dimensionamento Preparo'!$C30,Qtde_Oper_Plantio_Tratos!$I:$I,'Dimensionamento Preparo'!$D30) -> 0 | N30: =SUMIFS(Qtde_Oper_Plantio_Tratos!X:X,Qtde_Oper_Plantio_Tratos!$F:$F,'Dimensionamento Preparo'!$C30,Qtde_Oper_Plantio_Tratos!$I:$I,'Dimensionamento Preparo'!$D30) -> 0 | O30: =SUMIFS(Qtde_Oper_Plantio_Tratos!Y:Y,Qtde_Oper_Plantio_Tratos!$F:$F,'Dimensionamento Preparo'!$C30,Qtde_Oper_Plantio_Tratos!$I:$I,'Dimensionamento Preparo'!$D30) -> 0 | P30: =SUMIFS(Qtde_Oper_Plantio_Tratos!Z:Z,Qtde_Oper_Plantio_Tratos!$F:$F,'Dimensionamento Preparo'!$C30,Qtde_Oper_Plantio_Tratos!$I:$I,'Dimensionamento Preparo'!$D30) -> 16 | Q30: =SUMIFS(Qtde_Oper_Plantio_Tratos!AA:AA,Qtde_Oper_Plantio_Tratos!$F:$F,'Dimensionamento Preparo'!$C30,Qtde_Oper_Plantio_Tratos!$I:$I,'Dimensionamento Preparo'!$D30) -> 52 | R30: =SUM(F30:Q30) -> 313.2488
D31: Proprio | E31: Maquinas_Amarela | F31: =IF($D31="Proprio",IFERROR(F30/(_xlfn.XLOOKUP(F$6,$F$102:$R$102,$F$103:$R$103)*_xlfn.XLOOKUP($C30,$D$78:$D$98,$F$78:$F$98)),0),0) -> 0.19851849 | G31: =IF($D31="Proprio",IFERROR(G30/(_xlfn.XLOOKUP(G$6,$F$102:$R$102,$F$103:$R$103)*_xlfn.XLOOKUP($C30,$D$78:$D$98,$F$78:$F$98)),0),0) -> 0.044896738 | H31: =IF($D31="Proprio",IFERROR(H30/(_xlfn.XLOOKUP(H$6,$F$102:$R$102,$F$103:$R$103)*_xlfn.XLOOKUP($C30,$D$78:$D$98,$F$78:$F$98)),0),0) -> 0.10617009 | I31: =IF($D31="Proprio",IFERROR(I30/(_xlfn.XLOOKUP(I$6,$F$102:$R$102,$F$103:$R$103)*_xlfn.XLOOKUP($C30,$D$78:$D$98,$F$78:$F$98)),0),0) -> 0.13442023 | J31: =IF($D31="Proprio",IFERROR(J30/(_xlfn.XLOOKUP(J$6,$F$102:$R$102,$F$103:$R$103)*_xlfn.XLOOKUP($C30,$D$78:$D$98,$F$78:$F$98)),0),0) -> 0.13905541 | K31: =IF($D31="Proprio",IFERROR(K30/(_xlfn.XLOOKUP(K$6,$F$102:$R$102,$F$103:$R$103)*_xlfn.XLOOKUP($C30,$D$78:$D$98,$F$78:$F$98)),0),0) -> 0.17293558 | L31: =IF($D31="Proprio",IFERROR(L30/(_xlfn.XLOOKUP(L$6,$F$102:$R$102,$F$103:$R$103)*_xlfn.XLOOKUP($C30,$D$78:$D$98,$F$78:$F$98)),0),0) -> 0.099571402 | M31: =IF($D31="Proprio",IFERROR(M30/(_xlfn.XLOOKUP(M$6,$F$102:$R$102,$F$103:$R$103)*_xlfn.XLOOKUP($C30,$D$78:$D$98,$F$78:$F$98)),0),0) -> 0 | ... Q31: =IF($D31="Proprio",IFERROR(Q30/(_xlfn.XLOOKUP(Q$6,$F$102:$R$102,$F$103:$R$103)*_xlfn.XLOOKUP($C30,$D$78:$D$98,$F$78:$F$98)),0),0) -> 0.28102032 | R31: =IFERROR(R30/(_xlfn.XLOOKUP(R$6,$F$102:$R$102,$F$103:$R$103)*_xlfn.XLOOKUP($C30,$D$78:$D$98,$F$78:$F$98)),0) -> 0.11714006
C32: 1002 | D32: PREPSP | E32: =_xlfn.XLOOKUP(C32,Apoio!A:A,Apoio!B:B) -> Terraplanagem | F32: =SUMIFS(Qtde_Oper_Plantio_Tratos!P:P,Qtde_Oper_Plantio_Tratos!$F:$F,'Dimensionamento Preparo'!$C32,Qtde_Oper_Plantio_Tratos!$I:$I,'Dimensionamento Preparo'!$D32) -> 48 | G32: =SUMIFS(Qtde_Oper_Plantio_Tratos!Q:Q,Qtde_Oper_Plantio_Tratos!$F:$F,'Dimensionamento Preparo'!$C32,Qtde_Oper_Plantio_Tratos!$I:$I,'Dimensionamento Preparo'!$D32) -> 12 | H32: =SUMIFS(Qtde_Oper_Plantio_Tratos!R:R,Qtde_Oper_Plantio_Tratos!$F:$F,'Dimensionamento Preparo'!$C32,Qtde_Oper_Plantio_Tratos!$I:$I,'Dimensionamento Preparo'!$D32) -> 30.56 | I32: =SUMIFS(Qtde_Oper_Plantio_Tratos!S:S,Qtde_Oper_Plantio_Tratos!$F:$F,'Dimensionamento Preparo'!$C32,Qtde_Oper_Plantio_Tratos!$I:$I,'Dimensionamento Preparo'!$D32) -> 41.4552 | J32: =SUMIFS(Qtde_Oper_Plantio_Tratos!T:T,Qtde_Oper_Plantio_Tratos!$F:$F,'Dimensionamento Preparo'!$C32,Qtde_Oper_Plantio_Tratos!$I:$I,'Dimensionamento Preparo'!$D32) -> 41.4552 | K32: =SUMIFS(Qtde_Oper_Plantio_Tratos!U:U,Qtde_Oper_Plantio_Tratos!$F:$F,'Dimensionamento Preparo'!$C32,Qtde_Oper_Plantio_Tratos!$I:$I,'Dimensionamento Preparo'!$D32) -> 48 | L32: =SUMIFS(Qtde_Oper_Plantio_Tratos!V:V,Qtde_Oper_Plantio_Tratos!$F:$F,'Dimensionamento Preparo'!$C32,Qtde_Oper_Plantio_Tratos!$I:$I,'Dimensionamento Preparo'!$D32) -> 23.7784 | M32: =SUMIFS(Qtde_Oper_Plantio_Tratos!W:W,Qtde_Oper_Plantio_Tratos!$F:$F,'Dimensionamento Preparo'!$C32,Qtde_Oper_Plantio_Tratos!$I:$I,'Dimensionamento Preparo'!$D32) -> 0 | N32: =SUMIFS(Qtde_Oper_Plantio_Tratos!X:X,Qtde_Oper_Plantio_Tratos!$F:$F,'Dimensionamento Preparo'!$C32,Qtde_Oper_Plantio_Tratos!$I:$I,'Dimensionamento Preparo'!$D32) -> 0 | O32: =SUMIFS(Qtde_Oper_Plantio_Tratos!Y:Y,Qtde_Oper_Plantio_Tratos!$F:$F,'Dimensionamento Preparo'!$C32,Qtde_Oper_Plantio_Tratos!$I:$I,'Dimensionamento Preparo'!$D32) -> 0 | P32: =SUMIFS(Qtde_Oper_Plantio_Tratos!Z:Z,Qtde_Oper_Plantio_Tratos!$F:$F,'Dimensionamento Preparo'!$C32,Qtde_Oper_Plantio_Tratos!$I:$I,'Dimensionamento Preparo'!$D32) -> 16 | Q32: =SUMIFS(Qtde_Oper_Plantio_Tratos!AA:AA,Qtde_Oper_Plantio_Tratos!$F:$F,'Dimensionamento Preparo'!$C32,Qtde_Oper_Plantio_Tratos!$I:$I,'Dimensionamento Preparo'!$D32) -> 52 | R32: =SUMIFS(Qtde_Oper_Plantio_Tratos!AB:AB,Qtde_Oper_Plantio_Tratos!$F:$F,'Dimensionamento Preparo'!$C32,Qtde_Oper_Plantio_Tratos!$I:$I,'Dimensionamento Preparo'!$D32) -> 313.2488
D33: Proprio | E33: Maquinas_Amarela | F33: =IF($D33="Proprio",IFERROR(F32/(_xlfn.XLOOKUP(F$6,$F$102:$R$102,$F$103:$R$103)*_xlfn.XLOOKUP($C32,$D$78:$D$98,$F$78:$F$98)),0),0) -> 0.37898984 | G33: =IF($D33="Proprio",IFERROR(G32/(_xlfn.XLOOKUP(G$6,$F$102:$R$102,$F$103:$R$103)*_xlfn.XLOOKUP($C32,$D$78:$D$98,$F$78:$F$98)),0),0) -> 0.085711953 | H33: =IF($D33="Proprio",IFERROR(H32/(_xlfn.XLOOKUP(H$6,$F$102:$R$102,$F$103:$R$103)*_xlfn.XLOOKUP($C32,$D$78:$D$98,$F$78:$F$98)),0),0) -> 0.20268836 | I33: =IF($D33="Proprio",IFERROR(I32/(_xlfn.XLOOKUP(I$6,$F$102:$R$102,$F$103:$R$103)*_xlfn.XLOOKUP($C32,$D$78:$D$98,$F$78:$F$98)),0),0) -> 0.25662045 | J33: =IF($D33="Proprio",IFERROR(J32/(_xlfn.XLOOKUP(J$6,$F$102:$R$102,$F$103:$R$103)*_xlfn.XLOOKUP($C32,$D$78:$D$98,$F$78:$F$98)),0),0) -> 0.26546943 | K33: =IF($D33="Proprio",IFERROR(K32/(_xlfn.XLOOKUP(K$6,$F$102:$R$102,$F$103:$R$103)*_xlfn.XLOOKUP($C32,$D$78:$D$98,$F$78:$F$98)),0),0) -> 0.33014975 | L33: =IF($D33="Proprio",IFERROR(L32/(_xlfn.XLOOKUP(L$6,$F$102:$R$102,$F$103:$R$103)*_xlfn.XLOOKUP($C32,$D$78:$D$98,$F$78:$F$98)),0),0) -> 0.19009086 | M33: =IF($D33="Proprio",IFERROR(M32/(_xlfn.XLOOKUP(M$6,$F$102:$R$102,$F$103:$R$103)*_xlfn.XLOOKUP($C32,$D$78:$D$98,$F$78:$F$98)),0),0) -> 0 | ... Q33: =IF($D33="Proprio",IFERROR(Q32/(_xlfn.XLOOKUP(Q$6,$F$102:$R$102,$F$103:$R$103)*_xlfn.XLOOKUP($C32,$D$78:$D$98,$F$78:$F$98)),0),0) -> 0.53649334 | R33: =IFERROR(R32/(_xlfn.XLOOKUP(R$6,$F$102:$R$102,$F$103:$R$103)*_xlfn.XLOOKUP($C32,$D$78:$D$98,$F$78:$F$98)),0) -> 0.22363103
C34: 1003 | D34: PREPSP | E34: =_xlfn.XLOOKUP(C34,Apoio!A:A,Apoio!B:B) -> Conservação De Estradas | F34: =SUMIFS(Qtde_Oper_Plantio_Tratos!P:P,Qtde_Oper_Plantio_Tratos!$F:$F,'Dimensionamento Preparo'!$C34,Qtde_Oper_Plantio_Tratos!$I:$I,'Dimensionamento Preparo'!$D34) -> 48 | G34: =SUMIFS(Qtde_Oper_Plantio_Tratos!Q:Q,Qtde_Oper_Plantio_Tratos!$F:$F,'Dimensionamento Preparo'!$C34,Qtde_Oper_Plantio_Tratos!$I:$I,'Dimensionamento Preparo'!$D34) -> 12 | H34: =SUMIFS(Qtde_Oper_Plantio_Tratos!R:R,Qtde_Oper_Plantio_Tratos!$F:$F,'Dimensionamento Preparo'!$C34,Qtde_Oper_Plantio_Tratos!$I:$I,'Dimensionamento Preparo'!$D34) -> 30.56 | I34: =SUMIFS(Qtde_Oper_Plantio_Tratos!S:S,Qtde_Oper_Plantio_Tratos!$F:$F,'Dimensionamento Preparo'!$C34,Qtde_Oper_Plantio_Tratos!$I:$I,'Dimensionamento Preparo'!$D34) -> 41.4552 | J34: =SUMIFS(Qtde_Oper_Plantio_Tratos!T:T,Qtde_Oper_Plantio_Tratos!$F:$F,'Dimensionamento Preparo'!$C34,Qtde_Oper_Plantio_Tratos!$I:$I,'Dimensionamento Preparo'!$D34) -> 41.4552 | K34: =SUMIFS(Qtde_Oper_Plantio_Tratos!U:U,Qtde_Oper_Plantio_Tratos!$F:$F,'Dimensionamento Preparo'!$C34,Qtde_Oper_Plantio_Tratos!$I:$I,'Dimensionamento Preparo'!$D34) -> 48 | L34: =SUMIFS(Qtde_Oper_Plantio_Tratos!V:V,Qtde_Oper_Plantio_Tratos!$F:$F,'Dimensionamento Preparo'!$C34,Qtde_Oper_Plantio_Tratos!$I:$I,'Dimensionamento Preparo'!$D34) -> 23.7784 | M34: =SUMIFS(Qtde_Oper_Plantio_Tratos!W:W,Qtde_Oper_Plantio_Tratos!$F:$F,'Dimensionamento Preparo'!$C34,Qtde_Oper_Plantio_Tratos!$I:$I,'Dimensionamento Preparo'!$D34) -> 0 | N34: =SUMIFS(Qtde_Oper_Plantio_Tratos!X:X,Qtde_Oper_Plantio_Tratos!$F:$F,'Dimensionamento Preparo'!$C34,Qtde_Oper_Plantio_Tratos!$I:$I,'Dimensionamento Preparo'!$D34) -> 0 | O34: =SUMIFS(Qtde_Oper_Plantio_Tratos!Y:Y,Qtde_Oper_Plantio_Tratos!$F:$F,'Dimensionamento Preparo'!$C34,Qtde_Oper_Plantio_Tratos!$I:$I,'Dimensionamento Preparo'!$D34) -> 0 | P34: =SUMIFS(Qtde_Oper_Plantio_Tratos!Z:Z,Qtde_Oper_Plantio_Tratos!$F:$F,'Dimensionamento Preparo'!$C34,Qtde_Oper_Plantio_Tratos!$I:$I,'Dimensionamento Preparo'!$D34) -> 16 | Q34: =SUMIFS(Qtde_Oper_Plantio_Tratos!AA:AA,Qtde_Oper_Plantio_Tratos!$F:$F,'Dimensionamento Preparo'!$C34,Qtde_Oper_Plantio_Tratos!$I:$I,'Dimensionamento Preparo'!$D34) -> 52 | R34: =SUM(F34:Q34) -> 313.2488
D35: Proprio | E35: Maquinas_Amarela | F35: =IF($D35="Proprio",IFERROR(F34/(_xlfn.XLOOKUP(F$6,$F$102:$R$102,$F$103:$R$103)*_xlfn.XLOOKUP($C34,$D$78:$D$98,$F$78:$F$98)),0),0) -> 0.39236595 | G35: =IF($D35="Proprio",IFERROR(G34/(_xlfn.XLOOKUP(G$6,$F$102:$R$102,$F$103:$R$103)*_xlfn.XLOOKUP($C34,$D$78:$D$98,$F$78:$F$98)),0),0) -> 0.088737081 | H35: =IF($D35="Proprio",IFERROR(H34/(_xlfn.XLOOKUP(H$6,$F$102:$R$102,$F$103:$R$103)*_xlfn.XLOOKUP($C34,$D$78:$D$98,$F$78:$F$98)),0),0) -> 0.20984207 | I35: =IF($D35="Proprio",IFERROR(I34/(_xlfn.XLOOKUP(I$6,$F$102:$R$102,$F$103:$R$103)*_xlfn.XLOOKUP($C34,$D$78:$D$98,$F$78:$F$98)),0),0) -> 0.26567764 | J35: =IF($D35="Proprio",IFERROR(J34/(_xlfn.XLOOKUP(J$6,$F$102:$R$102,$F$103:$R$103)*_xlfn.XLOOKUP($C34,$D$78:$D$98,$F$78:$F$98)),0),0) -> 0.27483894 | K35: =IF($D35="Proprio",IFERROR(K34/(_xlfn.XLOOKUP(K$6,$F$102:$R$102,$F$103:$R$103)*_xlfn.XLOOKUP($C34,$D$78:$D$98,$F$78:$F$98)),0),0) -> 0.34180209 | L35: =IF($D35="Proprio",IFERROR(L34/(_xlfn.XLOOKUP(L$6,$F$102:$R$102,$F$103:$R$103)*_xlfn.XLOOKUP($C34,$D$78:$D$98,$F$78:$F$98)),0),0) -> 0.19679995 | M35: =IF($D35="Proprio",IFERROR(M34/(_xlfn.XLOOKUP(M$6,$F$102:$R$102,$F$103:$R$103)*_xlfn.XLOOKUP($C34,$D$78:$D$98,$F$78:$F$98)),0),0) -> 0 | ... Q35: =IF($D35="Proprio",IFERROR(Q34/(_xlfn.XLOOKUP(Q$6,$F$102:$R$102,$F$103:$R$103)*_xlfn.XLOOKUP($C34,$D$78:$D$98,$F$78:$F$98)),0),0) -> 0.5554284 | R35: =IFERROR(R34/(_xlfn.XLOOKUP(R$6,$F$102:$R$102,$F$103:$R$103)*_xlfn.XLOOKUP($C34,$D$78:$D$98,$F$78:$F$98)),0) -> 0.23152389
C36: 1004 | D36: PREPSP | E36: =_xlfn.XLOOKUP(C36,Apoio!A:A,Apoio!B:B) -> Curva Em Nível | F36: =SUMIFS(Qtde_Oper_Plantio_Tratos!P:P,Qtde_Oper_Plantio_Tratos!$F:$F,'Dimensionamento Preparo'!$C36,Qtde_Oper_Plantio_Tratos!$I:$I,'Dimensionamento Preparo'!$D36) -> 48 | G36: =SUMIFS(Qtde_Oper_Plantio_Tratos!Q:Q,Qtde_Oper_Plantio_Tratos!$F:$F,'Dimensionamento Preparo'!$C36,Qtde_Oper_Plantio_Tratos!$I:$I,'Dimensionamento Preparo'!$D36) -> 12 | H36: =SUMIFS(Qtde_Oper_Plantio_Tratos!R:R,Qtde_Oper_Plantio_Tratos!$F:$F,'Dimensionamento Preparo'!$C36,Qtde_Oper_Plantio_Tratos!$I:$I,'Dimensionamento Preparo'!$D36) -> 30.56 | I36: =SUMIFS(Qtde_Oper_Plantio_Tratos!S:S,Qtde_Oper_Plantio_Tratos!$F:$F,'Dimensionamento Preparo'!$C36,Qtde_Oper_Plantio_Tratos!$I:$I,'Dimensionamento Preparo'!$D36) -> 41.4552 | J36: =SUMIFS(Qtde_Oper_Plantio_Tratos!T:T,Qtde_Oper_Plantio_Tratos!$F:$F,'Dimensionamento Preparo'!$C36,Qtde_Oper_Plantio_Tratos!$I:$I,'Dimensionamento Preparo'!$D36) -> 41.4552 | K36: =SUMIFS(Qtde_Oper_Plantio_Tratos!U:U,Qtde_Oper_Plantio_Tratos!$F:$F,'Dimensionamento Preparo'!$C36,Qtde_Oper_Plantio_Tratos!$I:$I,'Dimensionamento Preparo'!$D36) -> 48 | L36: =SUMIFS(Qtde_Oper_Plantio_Tratos!V:V,Qtde_Oper_Plantio_Tratos!$F:$F,'Dimensionamento Preparo'!$C36,Qtde_Oper_Plantio_Tratos!$I:$I,'Dimensionamento Preparo'!$D36) -> 23.7784 | M36: =SUMIFS(Qtde_Oper_Plantio_Tratos!W:W,Qtde_Oper_Plantio_Tratos!$F:$F,'Dimensionamento Preparo'!$C36,Qtde_Oper_Plantio_Tratos!$I:$I,'Dimensionamento Preparo'!$D36) -> 0 | N36: =SUMIFS(Qtde_Oper_Plantio_Tratos!X:X,Qtde_Oper_Plantio_Tratos!$F:$F,'Dimensionamento Preparo'!$C36,Qtde_Oper_Plantio_Tratos!$I:$I,'Dimensionamento Preparo'!$D36) -> 0 | O36: =SUMIFS(Qtde_Oper_Plantio_Tratos!Y:Y,Qtde_Oper_Plantio_Tratos!$F:$F,'Dimensionamento Preparo'!$C36,Qtde_Oper_Plantio_Tratos!$I:$I,'Dimensionamento Preparo'!$D36) -> 0 | P36: =SUMIFS(Qtde_Oper_Plantio_Tratos!Z:Z,Qtde_Oper_Plantio_Tratos!$F:$F,'Dimensionamento Preparo'!$C36,Qtde_Oper_Plantio_Tratos!$I:$I,'Dimensionamento Preparo'!$D36) -> 16 | Q36: =SUMIFS(Qtde_Oper_Plantio_Tratos!AA:AA,Qtde_Oper_Plantio_Tratos!$F:$F,'Dimensionamento Preparo'!$C36,Qtde_Oper_Plantio_Tratos!$I:$I,'Dimensionamento Preparo'!$D36) -> 52 | R36: =SUMIFS(Qtde_Oper_Plantio_Tratos!AB:AB,Qtde_Oper_Plantio_Tratos!$F:$F,'Dimensionamento Preparo'!$C36,Qtde_Oper_Plantio_Tratos!$I:$I,'Dimensionamento Preparo'!$D36) -> 313.2488
D37: Proprio | E37: Maquinas_Amarela | F37: =IF($D37="Proprio",IFERROR(F36/(_xlfn.XLOOKUP(F$6,$F$102:$R$102,$F$103:$R$103)*_xlfn.XLOOKUP($C36,$D$78:$D$98,$F$78:$F$98)),0),0) -> 0.15881479 | G37: =IF($D37="Proprio",IFERROR(G36/(_xlfn.XLOOKUP(G$6,$F$102:$R$102,$F$103:$R$103)*_xlfn.XLOOKUP($C36,$D$78:$D$98,$F$78:$F$98)),0),0) -> 0.03591739 | H37: =IF($D37="Proprio",IFERROR(H36/(_xlfn.XLOOKUP(H$6,$F$102:$R$102,$F$103:$R$103)*_xlfn.XLOOKUP($C36,$D$78:$D$98,$F$78:$F$98)),0),0) -> 0.084936076 | I37: =IF($D37="Proprio",IFERROR(I36/(_xlfn.XLOOKUP(I$6,$F$102:$R$102,$F$103:$R$103)*_xlfn.XLOOKUP($C36,$D$78:$D$98,$F$78:$F$98)),0),0) -> 0.10753619 | J37: =IF($D37="Proprio",IFERROR(J36/(_xlfn.XLOOKUP(J$6,$F$102:$R$102,$F$103:$R$103)*_xlfn.XLOOKUP($C36,$D$78:$D$98,$F$78:$F$98)),0),0) -> 0.11124433 | K37: =IF($D37="Proprio",IFERROR(K36/(_xlfn.XLOOKUP(K$6,$F$102:$R$102,$F$103:$R$103)*_xlfn.XLOOKUP($C36,$D$78:$D$98,$F$78:$F$98)),0),0) -> 0.13834847 | L37: =IF($D37="Proprio",IFERROR(L36/(_xlfn.XLOOKUP(L$6,$F$102:$R$102,$F$103:$R$103)*_xlfn.XLOOKUP($C36,$D$78:$D$98,$F$78:$F$98)),0),0) -> 0.079657121 | M37: =IF($D37="Proprio",IFERROR(M36/(_xlfn.XLOOKUP(M$6,$F$102:$R$102,$F$103:$R$103)*_xlfn.XLOOKUP($C36,$D$78:$D$98,$F$78:$F$98)),0),0) -> 0 | ... Q37: =IF($D37="Proprio",IFERROR(Q36/(_xlfn.XLOOKUP(Q$6,$F$102:$R$102,$F$103:$R$103)*_xlfn.XLOOKUP($C36,$D$78:$D$98,$F$78:$F$98)),0),0) -> 0.22481626 | R37: =IFERROR(R36/(_xlfn.XLOOKUP(R$6,$F$102:$R$102,$F$103:$R$103)*_xlfn.XLOOKUP($C36,$D$78:$D$98,$F$78:$F$98)),0) -> 0.093712052
C38: 1005 | D38: PREPSP | E38: =_xlfn.XLOOKUP(C38,Apoio!A:A,Apoio!B:B) -> Sistematização | F38: =SUMIFS(Qtde_Oper_Plantio_Tratos!P:P,Qtde_Oper_Plantio_Tratos!$F:$F,'Dimensionamento Preparo'!$C38,Qtde_Oper_Plantio_Tratos!$I:$I,'Dimensionamento Preparo'!$D38) -> 600 | G38: =SUMIFS(Qtde_Oper_Plantio_Tratos!Q:Q,Qtde_Oper_Plantio_Tratos!$F:$F,'Dimensionamento Preparo'!$C38,Qtde_Oper_Plantio_Tratos!$I:$I,'Dimensionamento Preparo'!$D38) -> 150 | H38: =SUMIFS(Qtde_Oper_Plantio_Tratos!R:R,Qtde_Oper_Plantio_Tratos!$F:$F,'Dimensionamento Preparo'!$C38,Qtde_Oper_Plantio_Tratos!$I:$I,'Dimensionamento Preparo'!$D38) -> 382 | I38: =SUMIFS(Qtde_Oper_Plantio_Tratos!S:S,Qtde_Oper_Plantio_Tratos!$F:$F,'Dimensionamento Preparo'!$C38,Qtde_Oper_Plantio_Tratos!$I:$I,'Dimensionamento Preparo'!$D38) -> 518.19 | J38: =SUMIFS(Qtde_Oper_Plantio_Tratos!T:T,Qtde_Oper_Plantio_Tratos!$F:$F,'Dimensionamento Preparo'!$C38,Qtde_Oper_Plantio_Tratos!$I:$I,'Dimensionamento Preparo'!$D38) -> 518.19 | K38: =SUMIFS(Qtde_Oper_Plantio_Tratos!U:U,Qtde_Oper_Plantio_Tratos!$F:$F,'Dimensionamento Preparo'!$C38,Qtde_Oper_Plantio_Tratos!$I:$I,'Dimensionamento Preparo'!$D38) -> 600 | L38: =SUMIFS(Qtde_Oper_Plantio_Tratos!V:V,Qtde_Oper_Plantio_Tratos!$F:$F,'Dimensionamento Preparo'!$C38,Qtde_Oper_Plantio_Tratos!$I:$I,'Dimensionamento Preparo'!$D38) -> 297.23 | M38: =SUMIFS(Qtde_Oper_Plantio_Tratos!W:W,Qtde_Oper_Plantio_Tratos!$F:$F,'Dimensionamento Preparo'!$C38,Qtde_Oper_Plantio_Tratos!$I:$I,'Dimensionamento Preparo'!$D38) -> 0 | N38: =SUMIFS(Qtde_Oper_Plantio_Tratos!X:X,Qtde_Oper_Plantio_Tratos!$F:$F,'Dimensionamento Preparo'!$C38,Qtde_Oper_Plantio_Tratos!$I:$I,'Dimensionamento Preparo'!$D38) -> 0 | O38: =SUMIFS(Qtde_Oper_Plantio_Tratos!Y:Y,Qtde_Oper_Plantio_Tratos!$F:$F,'Dimensionamento Preparo'!$C38,Qtde_Oper_Plantio_Tratos!$I:$I,'Dimensionamento Preparo'!$D38) -> 0 | P38: =SUMIFS(Qtde_Oper_Plantio_Tratos!Z:Z,Qtde_Oper_Plantio_Tratos!$F:$F,'Dimensionamento Preparo'!$C38,Qtde_Oper_Plantio_Tratos!$I:$I,'Dimensionamento Preparo'!$D38) -> 200 | Q38: =SUMIFS(Qtde_Oper_Plantio_Tratos!AA:AA,Qtde_Oper_Plantio_Tratos!$F:$F,'Dimensionamento Preparo'!$C38,Qtde_Oper_Plantio_Tratos!$I:$I,'Dimensionamento Preparo'!$D38) -> 650 | R38: =SUM(F38:Q38) -> 3915.61
D39: Proprio | E39: Maquinas_Amarela | F39: =IF($D39="Proprio",IFERROR(F38/(_xlfn.XLOOKUP(F$6,$F$102:$R$102,$F$103:$R$103)*_xlfn.XLOOKUP($C38,$D$78:$D$98,$F$78:$F$98)),0),0) -> 1.8047135 | G39: =IF($D39="Proprio",IFERROR(G38/(_xlfn.XLOOKUP(G$6,$F$102:$R$102,$F$103:$R$103)*_xlfn.XLOOKUP($C38,$D$78:$D$98,$F$78:$F$98)),0),0) -> 0.40815216 | H39: =IF($D39="Proprio",IFERROR(H38/(_xlfn.XLOOKUP(H$6,$F$102:$R$102,$F$103:$R$103)*_xlfn.XLOOKUP($C38,$D$78:$D$98,$F$78:$F$98)),0),0) -> 0.96518268 | I39: =IF($D39="Proprio",IFERROR(I38/(_xlfn.XLOOKUP(I$6,$F$102:$R$102,$F$103:$R$103)*_xlfn.XLOOKUP($C38,$D$78:$D$98,$F$78:$F$98)),0),0) -> 1.2220021 | J39: =IF($D39="Proprio",IFERROR(J38/(_xlfn.XLOOKUP(J$6,$F$102:$R$102,$F$103:$R$103)*_xlfn.XLOOKUP($C38,$D$78:$D$98,$F$78:$F$98)),0),0) -> 1.2641401 | K39: =IF($D39="Proprio",IFERROR(K38/(_xlfn.XLOOKUP(K$6,$F$102:$R$102,$F$103:$R$103)*_xlfn.XLOOKUP($C38,$D$78:$D$98,$F$78:$F$98)),0),0) -> 1.5721416 | L39: =IF($D39="Proprio",IFERROR(L38/(_xlfn.XLOOKUP(L$6,$F$102:$R$102,$F$103:$R$103)*_xlfn.XLOOKUP($C38,$D$78:$D$98,$F$78:$F$98)),0),0) -> 0.90519456 | M39: =IF($D39="Proprio",IFERROR(M38/(_xlfn.XLOOKUP(M$6,$F$102:$R$102,$F$103:$R$103)*_xlfn.XLOOKUP($C38,$D$78:$D$98,$F$78:$F$98)),0),0) -> 0 | ... Q39: =IF($D39="Proprio",IFERROR(Q38/(_xlfn.XLOOKUP(Q$6,$F$102:$R$102,$F$103:$R$103)*_xlfn.XLOOKUP($C38,$D$78:$D$98,$F$78:$F$98)),0),0) -> 2.5547302 | R39: =IFERROR(R38/(_xlfn.XLOOKUP(R$6,$F$102:$R$102,$F$103:$R$103)*_xlfn.XLOOKUP($C38,$D$78:$D$98,$F$78:$F$98)),0) -> 1.0649097
C40: 1055 | D40: PREPSP | E40: =_xlfn.XLOOKUP(C40,Apoio!A:A,Apoio!B:B) -> (Pá) Carregamento Terra-Outros | F40: =SUMIFS(Qtde_Oper_Plantio_Tratos!P:P,Qtde_Oper_Plantio_Tratos!$F:$F,'Dimensionamento Preparo'!$C40,Qtde_Oper_Plantio_Tratos!$I:$I,'Dimensionamento Preparo'!$D40) -> 0 | G40: =SUMIFS(Qtde_Oper_Plantio_Tratos!Q:Q,Qtde_Oper_Plantio_Tratos!$F:$F,'Dimensionamento Preparo'!$C40,Qtde_Oper_Plantio_Tratos!$I:$I,'Dimensionamento Preparo'!$D40) -> 0 | H40: =SUMIFS(Qtde_Oper_Plantio_Tratos!R:R,Qtde_Oper_Plantio_Tratos!$F:$F,'Dimensionamento Preparo'!$C40,Qtde_Oper_Plantio_Tratos!$I:$I,'Dimensionamento Preparo'!$D40) -> 0 | I40: =SUMIFS(Qtde_Oper_Plantio_Tratos!S:S,Qtde_Oper_Plantio_Tratos!$F:$F,'Dimensionamento Preparo'!$C40,Qtde_Oper_Plantio_Tratos!$I:$I,'Dimensionamento Preparo'!$D40) -> 0 | J40: =SUMIFS(Qtde_Oper_Plantio_Tratos!T:T,Qtde_Oper_Plantio_Tratos!$F:$F,'Dimensionamento Preparo'!$C40,Qtde_Oper_Plantio_Tratos!$I:$I,'Dimensionamento Preparo'!$D40) -> 0 | K40: =SUMIFS(Qtde_Oper_Plantio_Tratos!U:U,Qtde_Oper_Plantio_Tratos!$F:$F,'Dimensionamento Preparo'!$C40,Qtde_Oper_Plantio_Tratos!$I:$I,'Dimensionamento Preparo'!$D40) -> 0 | L40: =SUMIFS(Qtde_Oper_Plantio_Tratos!V:V,Qtde_Oper_Plantio_Tratos!$F:$F,'Dimensionamento Preparo'!$C40,Qtde_Oper_Plantio_Tratos!$I:$I,'Dimensionamento Preparo'!$D40) -> 0 | M40: =SUMIFS(Qtde_Oper_Plantio_Tratos!W:W,Qtde_Oper_Plantio_Tratos!$F:$F,'Dimensionamento Preparo'!$C40,Qtde_Oper_Plantio_Tratos!$I:$I,'Dimensionamento Preparo'!$D40) -> 0 | N40: =SUMIFS(Qtde_Oper_Plantio_Tratos!X:X,Qtde_Oper_Plantio_Tratos!$F:$F,'Dimensionamento Preparo'!$C40,Qtde_Oper_Plantio_Tratos!$I:$I,'Dimensionamento Preparo'!$D40) -> 0 | O40: =SUMIFS(Qtde_Oper_Plantio_Tratos!Y:Y,Qtde_Oper_Plantio_Tratos!$F:$F,'Dimensionamento Preparo'!$C40,Qtde_Oper_Plantio_Tratos!$I:$I,'Dimensionamento Preparo'!$D40) -> 0 | P40: =SUMIFS(Qtde_Oper_Plantio_Tratos!Z:Z,Qtde_Oper_Plantio_Tratos!$F:$F,'Dimensionamento Preparo'!$C40,Qtde_Oper_Plantio_Tratos!$I:$I,'Dimensionamento Preparo'!$D40) -> 0 | Q40: =SUMIFS(Qtde_Oper_Plantio_Tratos!AA:AA,Qtde_Oper_Plantio_Tratos!$F:$F,'Dimensionamento Preparo'!$C40,Qtde_Oper_Plantio_Tratos!$I:$I,'Dimensionamento Preparo'!$D40) -> 0 | R40: =SUMIFS(Qtde_Oper_Plantio_Tratos!AB:AB,Qtde_Oper_Plantio_Tratos!$F:$F,'Dimensionamento Preparo'!$C40,Qtde_Oper_Plantio_Tratos!$I:$I,'Dimensionamento Preparo'!$D40) -> 0
D41: Proprio | E41: Maquinas_Amarela | F41: =IF($D41="Proprio",IFERROR(F40/(_xlfn.XLOOKUP(F$6,$F$102:$R$102,$F$103:$R$103)*_xlfn.XLOOKUP($C40,$D$78:$D$98,$F$78:$F$98)),0),0) -> 0 | G41: =IF($D41="Proprio",IFERROR(G40/(_xlfn.XLOOKUP(G$6,$F$102:$R$102,$F$103:$R$103)*_xlfn.XLOOKUP($C40,$D$78:$D$98,$F$78:$F$98)),0),0) -> 0 | H41: =IF($D41="Proprio",IFERROR(H40/(_xlfn.XLOOKUP(H$6,$F$102:$R$102,$F$103:$R$103)*_xlfn.XLOOKUP($C40,$D$78:$D$98,$F$78:$F$98)),0),0) -> 0 | I41: =IF($D41="Proprio",IFERROR(I40/(_xlfn.XLOOKUP(I$6,$F$102:$R$102,$F$103:$R$103)*_xlfn.XLOOKUP($C40,$D$78:$D$98,$F$78:$F$98)),0),0) -> 0 | J41: =IF($D41="Proprio",IFERROR(J40/(_xlfn.XLOOKUP(J$6,$F$102:$R$102,$F$103:$R$103)*_xlfn.XLOOKUP($C40,$D$78:$D$98,$F$78:$F$98)),0),0) -> 0 | K41: =IF($D41="Proprio",IFERROR(K40/(_xlfn.XLOOKUP(K$6,$F$102:$R$102,$F$103:$R$103)*_xlfn.XLOOKUP($C40,$D$78:$D$98,$F$78:$F$98)),0),0) -> 0 | L41: =IF($D41="Proprio",IFERROR(L40/(_xlfn.XLOOKUP(L$6,$F$102:$R$102,$F$103:$R$103)*_xlfn.XLOOKUP($C40,$D$78:$D$98,$F$78:$F$98)),0),0) -> 0 | M41: =IF($D41="Proprio",IFERROR(M40/(_xlfn.XLOOKUP(M$6,$F$102:$R$102,$F$103:$R$103)*_xlfn.XLOOKUP($C40,$D$78:$D$98,$F$78:$F$98)),0),0) -> 0 | ... Q41: =IF($D41="Proprio",IFERROR(Q40/(_xlfn.XLOOKUP(Q$6,$F$102:$R$102,$F$103:$R$103)*_xlfn.XLOOKUP($C40,$D$78:$D$98,$F$78:$F$98)),0),0) -> 0 | R41: =IFERROR(R40/(_xlfn.XLOOKUP(R$6,$F$102:$R$102,$F$103:$R$103)*_xlfn.XLOOKUP($C40,$D$78:$D$98,$F$78:$F$98)),0) -> 0
E42: =_xlfn.XLOOKUP(C42,Apoio!A:A,Apoio!B:B) -> 0 | F42: =SUMIFS(Qtde_Oper_Plantio_Tratos!P:P,Qtde_Oper_Plantio_Tratos!$F:$F,'Dimensionamento Preparo'!$C42,Qtde_Oper_Plantio_Tratos!$I:$I,'Dimensionamento Preparo'!$D42) -> 0 | G42: =SUMIFS(Qtde_Oper_Plantio_Tratos!Q:Q,Qtde_Oper_Plantio_Tratos!$F:$F,'Dimensionamento Preparo'!$C42,Qtde_Oper_Plantio_Tratos!$I:$I,'Dimensionamento Preparo'!$D42) -> 0 | H42: =SUMIFS(Qtde_Oper_Plantio_Tratos!R:R,Qtde_Oper_Plantio_Tratos!$F:$F,'Dimensionamento Preparo'!$C42,Qtde_Oper_Plantio_Tratos!$I:$I,'Dimensionamento Preparo'!$D42) -> 0 | I42: =SUMIFS(Qtde_Oper_Plantio_Tratos!S:S,Qtde_Oper_Plantio_Tratos!$F:$F,'Dimensionamento Preparo'!$C42,Qtde_Oper_Plantio_Tratos!$I:$I,'Dimensionamento Preparo'!$D42) -> 0 | J42: =SUMIFS(Qtde_Oper_Plantio_Tratos!T:T,Qtde_Oper_Plantio_Tratos!$F:$F,'Dimensionamento Preparo'!$C42,Qtde_Oper_Plantio_Tratos!$I:$I,'Dimensionamento Preparo'!$D42) -> 0 | K42: =SUMIFS(Qtde_Oper_Plantio_Tratos!U:U,Qtde_Oper_Plantio_Tratos!$F:$F,'Dimensionamento Preparo'!$C42,Qtde_Oper_Plantio_Tratos!$I:$I,'Dimensionamento Preparo'!$D42) -> 0 | L42: =SUMIFS(Qtde_Oper_Plantio_Tratos!V:V,Qtde_Oper_Plantio_Tratos!$F:$F,'Dimensionamento Preparo'!$C42,Qtde_Oper_Plantio_Tratos!$I:$I,'Dimensionamento Preparo'!$D42) -> 0 | M42: =SUMIFS(Qtde_Oper_Plantio_Tratos!W:W,Qtde_Oper_Plantio_Tratos!$F:$F,'Dimensionamento Preparo'!$C42,Qtde_Oper_Plantio_Tratos!$I:$I,'Dimensionamento Preparo'!$D42) -> 0 | N42: =SUMIFS(Qtde_Oper_Plantio_Tratos!X:X,Qtde_Oper_Plantio_Tratos!$F:$F,'Dimensionamento Preparo'!$C42,Qtde_Oper_Plantio_Tratos!$I:$I,'Dimensionamento Preparo'!$D42) -> 0 | O42: =SUMIFS(Qtde_Oper_Plantio_Tratos!Y:Y,Qtde_Oper_Plantio_Tratos!$F:$F,'Dimensionamento Preparo'!$C42,Qtde_Oper_Plantio_Tratos!$I:$I,'Dimensionamento Preparo'!$D42) -> 0 | P42: =SUMIFS(Qtde_Oper_Plantio_Tratos!Z:Z,Qtde_Oper_Plantio_Tratos!$F:$F,'Dimensionamento Preparo'!$C42,Qtde_Oper_Plantio_Tratos!$I:$I,'Dimensionamento Preparo'!$D42) -> 0 | Q42: =SUMIFS(Qtde_Oper_Plantio_Tratos!AA:AA,Qtde_Oper_Plantio_Tratos!$F:$F,'Dimensionamento Preparo'!$C42,Qtde_Oper_Plantio_Tratos!$I:$I,'Dimensionamento Preparo'!$D42) -> 0 | R42: =SUM(F42:Q42) -> 0
D43: Proprio | E43: Maquinas_Amarela | F43: =IF($D43="Proprio",IFERROR(F42/(_xlfn.XLOOKUP(F$6,$F$102:$R$102,$F$103:$R$103)*_xlfn.XLOOKUP($C42,$D$78:$D$98,$F$78:$F$98)),0),0) -> 0 | G43: =IF($D43="Proprio",IFERROR(G42/(_xlfn.XLOOKUP(G$6,$F$102:$R$102,$F$103:$R$103)*_xlfn.XLOOKUP($C42,$D$78:$D$98,$F$78:$F$98)),0),0) -> 0 | H43: =IF($D43="Proprio",IFERROR(H42/(_xlfn.XLOOKUP(H$6,$F$102:$R$102,$F$103:$R$103)*_xlfn.XLOOKUP($C42,$D$78:$D$98,$F$78:$F$98)),0),0) -> 0 | I43: =IF($D43="Proprio",IFERROR(I42/(_xlfn.XLOOKUP(I$6,$F$102:$R$102,$F$103:$R$103)*_xlfn.XLOOKUP($C42,$D$78:$D$98,$F$78:$F$98)),0),0) -> 0 | J43: =IF($D43="Proprio",IFERROR(J42/(_xlfn.XLOOKUP(J$6,$F$102:$R$102,$F$103:$R$103)*_xlfn.XLOOKUP($C42,$D$78:$D$98,$F$78:$F$98)),0),0) -> 0 | K43: =IF($D43="Proprio",IFERROR(K42/(_xlfn.XLOOKUP(K$6,$F$102:$R$102,$F$103:$R$103)*_xlfn.XLOOKUP($C42,$D$78:$D$98,$F$78:$F$98)),0),0) -> 0 | L43: =IF($D43="Proprio",IFERROR(L42/(_xlfn.XLOOKUP(L$6,$F$102:$R$102,$F$103:$R$103)*_xlfn.XLOOKUP($C42,$D$78:$D$98,$F$78:$F$98)),0),0) -> 0 | M43: =IF($D43="Proprio",IFERROR(M42/(_xlfn.XLOOKUP(M$6,$F$102:$R$102,$F$103:$R$103)*_xlfn.XLOOKUP($C42,$D$78:$D$98,$F$78:$F$98)),0),0) -> 0 | ... Q43: =IF($D43="Proprio",IFERROR(Q42/(_xlfn.XLOOKUP(Q$6,$F$102:$R$102,$F$103:$R$103)*_xlfn.XLOOKUP($C42,$D$78:$D$98,$F$78:$F$98)),0),0) -> 0 | R43: =IFERROR(R42/(_xlfn.XLOOKUP(R$6,$F$102:$R$102,$F$103:$R$103)*_xlfn.XLOOKUP($C42,$D$78:$D$98,$F$78:$F$98)),0) -> 0
E44: Nec_Tratores | F44: =ROUNDUP(SUM(F43,F35,F33,F31),0) -> 1 | G44: =ROUNDUP(SUM(G43,G35,G33,G31),0) -> 1 | H44: =ROUNDUP(SUM(H43,H35,H33,H31),0) -> 1 | I44: =ROUNDUP(SUM(I43,I35,I33,I31),0) -> 1 | J44: =ROUNDUP(SUM(J43,J35,J33,J31),0) -> 1 | K44: =ROUNDUP(SUM(K43,K35,K33,K31),0) -> 1 | L44: =ROUNDUP(SUM(L43,L35,L33,L31),0) -> 1 | M44: =ROUNDUP(SUM(M43,M35,M33,M31),0) -> 0 | ... R44: =ROUNDUP(SUM(R43,R35,R33,R31),0) -> 1
E45: Disp_Tratores | F45: =SUMIFS($F65:$F73,$E$65:$E$73,$E43) -> 3 | G45: =SUMIFS($F65:$F73,$E$65:$E$73,$E43) -> 3 | H45: =SUMIFS($F65:$F73,$E$65:$E$73,$E43) -> 3 | I45: =SUMIFS($F65:$F73,$E$65:$E$73,$E43) -> 3 | J45: =SUMIFS($F65:$F73,$E$65:$E$73,$E43) -> 3 | K45: =SUMIFS($F65:$F73,$E$65:$E$73,$E43) -> 3 | L45: =SUMIFS($F65:$F73,$E$65:$E$73,$E43) -> 3 | M45: =SUMIFS($F65:$F73,$E$65:$E$73,$E43) -> 3 | ... R45: =SUMIFS($F65:$F73,$E$65:$E$73,$E43) -> 3
B47: Trator_Recolhimento | C47: 1061 | D47: TRATCPP | E47: =_xlfn.XLOOKUP(C47,Apoio!A:A,Apoio!B:B) -> Enfardamento De Palha | F47: =SUMIFS(Qtde_Oper_Plantio_Tratos!P:P,Qtde_Oper_Plantio_Tratos!$F:$F,'Dimensionamento Preparo'!$C47,Qtde_Oper_Plantio_Tratos!$I:$I,'Dimensionamento Preparo'!$D47) -> 0 | G47: =SUMIFS(Qtde_Oper_Plantio_Tratos!Q:Q,Qtde_Oper_Plantio_Tratos!$F:$F,'Dimensionamento Preparo'!$C47,Qtde_Oper_Plantio_Tratos!$I:$I,'Dimensionamento Preparo'!$D47) -> 0 | H47: =SUMIFS(Qtde_Oper_Plantio_Tratos!R:R,Qtde_Oper_Plantio_Tratos!$F:$F,'Dimensionamento Preparo'!$C47,Qtde_Oper_Plantio_Tratos!$I:$I,'Dimensionamento Preparo'!$D47) -> 0 | I47: =SUMIFS(Qtde_Oper_Plantio_Tratos!S:S,Qtde_Oper_Plantio_Tratos!$F:$F,'Dimensionamento Preparo'!$C47,Qtde_Oper_Plantio_Tratos!$I:$I,'Dimensionamento Preparo'!$D47) -> 0 | J47: =SUMIFS(Qtde_Oper_Plantio_Tratos!T:T,Qtde_Oper_Plantio_Tratos!$F:$F,'Dimensionamento Preparo'!$C47,Qtde_Oper_Plantio_Tratos!$I:$I,'Dimensionamento Preparo'!$D47) -> 0 | K47: =SUMIFS(Qtde_Oper_Plantio_Tratos!U:U,Qtde_Oper_Plantio_Tratos!$F:$F,'Dimensionamento Preparo'!$C47,Qtde_Oper_Plantio_Tratos!$I:$I,'Dimensionamento Preparo'!$D47) -> 0 | L47: =SUMIFS(Qtde_Oper_Plantio_Tratos!V:V,Qtde_Oper_Plantio_Tratos!$F:$F,'Dimensionamento Preparo'!$C47,Qtde_Oper_Plantio_Tratos!$I:$I,'Dimensionamento Preparo'!$D47) -> 0 | M47: =SUMIFS(Qtde_Oper_Plantio_Tratos!W:W,Qtde_Oper_Plantio_Tratos!$F:$F,'Dimensionamento Preparo'!$C47,Qtde_Oper_Plantio_Tratos!$I:$I,'Dimensionamento Preparo'!$D47) -> 0 | N47: =SUMIFS(Qtde_Oper_Plantio_Tratos!X:X,Qtde_Oper_Plantio_Tratos!$F:$F,'Dimensionamento Preparo'!$C47,Qtde_Oper_Plantio_Tratos!$I:$I,'Dimensionamento Preparo'!$D47) -> 0 | O47: =SUMIFS(Qtde_Oper_Plantio_Tratos!Y:Y,Qtde_Oper_Plantio_Tratos!$F:$F,'Dimensionamento Preparo'!$C47,Qtde_Oper_Plantio_Tratos!$I:$I,'Dimensionamento Preparo'!$D47) -> 0 | P47: =SUMIFS(Qtde_Oper_Plantio_Tratos!Z:Z,Qtde_Oper_Plantio_Tratos!$F:$F,'Dimensionamento Preparo'!$C47,Qtde_Oper_Plantio_Tratos!$I:$I,'Dimensionamento Preparo'!$D47) -> 0 | Q47: =SUMIFS(Qtde_Oper_Plantio_Tratos!AA:AA,Qtde_Oper_Plantio_Tratos!$F:$F,'Dimensionamento Preparo'!$C47,Qtde_Oper_Plantio_Tratos!$I:$I,'Dimensionamento Preparo'!$D47) -> 0 | R47: =SUM(F47:Q47) -> 0
D48: Proprio | E48: Trator_Recolhimento | F48: =IF($D48="Proprio",IFERROR(F47/(_xlfn.XLOOKUP(F$6,$F$102:$R$102,$F$103:$R$103)*_xlfn.XLOOKUP($C47,$D$78:$D$98,$F$78:$F$98)),0),0) -> 0 | G48: =IF($D48="Proprio",IFERROR(G47/(_xlfn.XLOOKUP(G$6,$F$102:$R$102,$F$103:$R$103)*_xlfn.XLOOKUP($C47,$D$78:$D$98,$F$78:$F$98)),0),0) -> 0 | H48: =IF($D48="Proprio",IFERROR(H47/(_xlfn.XLOOKUP(H$6,$F$102:$R$102,$F$103:$R$103)*_xlfn.XLOOKUP($C47,$D$78:$D$98,$F$78:$F$98)),0),0) -> 0 | I48: =IF($D48="Proprio",IFERROR(I47/(_xlfn.XLOOKUP(I$6,$F$102:$R$102,$F$103:$R$103)*_xlfn.XLOOKUP($C47,$D$78:$D$98,$F$78:$F$98)),0),0) -> 0 | J48: =IF($D48="Proprio",IFERROR(J47/(_xlfn.XLOOKUP(J$6,$F$102:$R$102,$F$103:$R$103)*_xlfn.XLOOKUP($C47,$D$78:$D$98,$F$78:$F$98)),0),0) -> 0 | K48: =IF($D48="Proprio",IFERROR(K47/(_xlfn.XLOOKUP(K$6,$F$102:$R$102,$F$103:$R$103)*_xlfn.XLOOKUP($C47,$D$78:$D$98,$F$78:$F$98)),0),0) -> 0 | L48: =IF($D48="Proprio",IFERROR(L47/(_xlfn.XLOOKUP(L$6,$F$102:$R$102,$F$103:$R$103)*_xlfn.XLOOKUP($C47,$D$78:$D$98,$F$78:$F$98)),0),0) -> 0 | M48: =IF($D48="Proprio",IFERROR(M47/(_xlfn.XLOOKUP(M$6,$F$102:$R$102,$F$103:$R$103)*_xlfn.XLOOKUP($C47,$D$78:$D$98,$F$78:$F$98)),0),0) -> 0 | ... Q48: =IF($D48="Proprio",IFERROR(Q47/(_xlfn.XLOOKUP(Q$6,$F$102:$R$102,$F$103:$R$103)*_xlfn.XLOOKUP($C47,$D$78:$D$98,$F$78:$F$98)),0),0) -> 0 | R48: =IFERROR(R47/(_xlfn.XLOOKUP(R$6,$F$102:$R$102,$F$103:$R$103)*_xlfn.XLOOKUP($C47,$D$78:$D$98,$F$78:$F$98)),0) -> 0
C49: 1061 | D49: TRATCSP | E49: =_xlfn.XLOOKUP(C49,Apoio!A:A,Apoio!B:B) -> Enfardamento De Palha | F49: =SUMIFS(Qtde_Oper_Plantio_Tratos!P:P,Qtde_Oper_Plantio_Tratos!$F:$F,'Dimensionamento Preparo'!$C49,Qtde_Oper_Plantio_Tratos!$I:$I,'Dimensionamento Preparo'!$D49) -> 775.5545 | G49: =SUMIFS(Qtde_Oper_Plantio_Tratos!Q:Q,Qtde_Oper_Plantio_Tratos!$F:$F,'Dimensionamento Preparo'!$C49,Qtde_Oper_Plantio_Tratos!$I:$I,'Dimensionamento Preparo'!$D49) -> 1348.4905 | H49: =SUMIFS(Qtde_Oper_Plantio_Tratos!R:R,Qtde_Oper_Plantio_Tratos!$F:$F,'Dimensionamento Preparo'!$C49,Qtde_Oper_Plantio_Tratos!$I:$I,'Dimensionamento Preparo'!$D49) -> 579.138 | I49: =SUMIFS(Qtde_Oper_Plantio_Tratos!S:S,Qtde_Oper_Plantio_Tratos!$F:$F,'Dimensionamento Preparo'!$C49,Qtde_Oper_Plantio_Tratos!$I:$I,'Dimensionamento Preparo'!$D49) -> 0 | J49: =SUMIFS(Qtde_Oper_Plantio_Tratos!T:T,Qtde_Oper_Plantio_Tratos!$F:$F,'Dimensionamento Preparo'!$C49,Qtde_Oper_Plantio_Tratos!$I:$I,'Dimensionamento Preparo'!$D49) -> 548.149 | K49: =SUMIFS(Qtde_Oper_Plantio_Tratos!U:U,Qtde_Oper_Plantio_Tratos!$F:$F,'Dimensionamento Preparo'!$C49,Qtde_Oper_Plantio_Tratos!$I:$I,'Dimensionamento Preparo'!$D49) -> 605.437 | L49: =SUMIFS(Qtde_Oper_Plantio_Tratos!V:V,Qtde_Oper_Plantio_Tratos!$F:$F,'Dimensionamento Preparo'!$C49,Qtde_Oper_Plantio_Tratos!$I:$I,'Dimensionamento Preparo'!$D49) -> 678.524 | M49: =SUMIFS(Qtde_Oper_Plantio_Tratos!W:W,Qtde_Oper_Plantio_Tratos!$F:$F,'Dimensionamento Preparo'!$C49,Qtde_Oper_Plantio_Tratos!$I:$I,'Dimensionamento Preparo'!$D49) -> 352.0195 | N49: =SUMIFS(Qtde_Oper_Plantio_Tratos!X:X,Qtde_Oper_Plantio_Tratos!$F:$F,'Dimensionamento Preparo'!$C49,Qtde_Oper_Plantio_Tratos!$I:$I,'Dimensionamento Preparo'!$D49) -> 0 | O49: =SUMIFS(Qtde_Oper_Plantio_Tratos!Y:Y,Qtde_Oper_Plantio_Tratos!$F:$F,'Dimensionamento Preparo'!$C49,Qtde_Oper_Plantio_Tratos!$I:$I,'Dimensionamento Preparo'!$D49) -> 0 | P49: =SUMIFS(Qtde_Oper_Plantio_Tratos!Z:Z,Qtde_Oper_Plantio_Tratos!$F:$F,'Dimensionamento Preparo'!$C49,Qtde_Oper_Plantio_Tratos!$I:$I,'Dimensionamento Preparo'!$D49) -> 35 | Q49: =SUMIFS(Qtde_Oper_Plantio_Tratos!AA:AA,Qtde_Oper_Plantio_Tratos!$F:$F,'Dimensionamento Preparo'!$C49,Qtde_Oper_Plantio_Tratos!$I:$I,'Dimensionamento Preparo'!$D49) -> 35 | R49: =SUMIFS(Qtde_Oper_Plantio_Tratos!AB:AB,Qtde_Oper_Plantio_Tratos!$F:$F,'Dimensionamento Preparo'!$C49,Qtde_Oper_Plantio_Tratos!$I:$I,'Dimensionamento Preparo'!$D49) -> 4957.3125
D50: Proprio | E50: Trator_Recolhimento | F50: =IF($D50="Proprio",IFERROR(F49/(_xlfn.XLOOKUP(F$6,$F$102:$R$102,$F$103:$R$103)*_xlfn.XLOOKUP($C49,$D$78:$D$98,$F$78:$F$98)),0),0) -> 3.8595601 | G50: =IF($D50="Proprio",IFERROR(G49/(_xlfn.XLOOKUP(G$6,$F$102:$R$102,$F$103:$R$103)*_xlfn.XLOOKUP($C49,$D$78:$D$98,$F$78:$F$98)),0),0) -> 6.0708177 | H50: =IF($D50="Proprio",IFERROR(H49/(_xlfn.XLOOKUP(H$6,$F$102:$R$102,$F$103:$R$103)*_xlfn.XLOOKUP($C49,$D$78:$D$98,$F$78:$F$98)),0),0) -> 2.4210105 | I50: =IF($D50="Proprio",IFERROR(I49/(_xlfn.XLOOKUP(I$6,$F$102:$R$102,$F$103:$R$103)*_xlfn.XLOOKUP($C49,$D$78:$D$98,$F$78:$F$98)),0),0) -> 0 | J50: =IF($D50="Proprio",IFERROR(J49/(_xlfn.XLOOKUP(J$6,$F$102:$R$102,$F$103:$R$103)*_xlfn.XLOOKUP($C49,$D$78:$D$98,$F$78:$F$98)),0),0) -> 2.212449 | K50: =IF($D50="Proprio",IFERROR(K49/(_xlfn.XLOOKUP(K$6,$F$102:$R$102,$F$103:$R$103)*_xlfn.XLOOKUP($C49,$D$78:$D$98,$F$78:$F$98)),0),0) -> 2.6246889 | L50: =IF($D50="Proprio",IFERROR(L49/(_xlfn.XLOOKUP(L$6,$F$102:$R$102,$F$103:$R$103)*_xlfn.XLOOKUP($C49,$D$78:$D$98,$F$78:$F$98)),0),0) -> 3.418873 | M50: =IF($D50="Proprio",IFERROR(M49/(_xlfn.XLOOKUP(M$6,$F$102:$R$102,$F$103:$R$103)*_xlfn.XLOOKUP($C49,$D$78:$D$98,$F$78:$F$98)),0),0) -> 1.982925 | ... Q50: =IF($D50="Proprio",IFERROR(Q49/(_xlfn.XLOOKUP(Q$6,$F$102:$R$102,$F$103:$R$103)*_xlfn.XLOOKUP($C49,$D$78:$D$98,$F$78:$F$98)),0),0) -> 0.22759787 | R50: =IFERROR(R49/(_xlfn.XLOOKUP(R$6,$F$102:$R$102,$F$103:$R$103)*_xlfn.XLOOKUP($C49,$D$78:$D$98,$F$78:$F$98)),0) -> 2.2306329
C51: 1061 | D51: TRATCSF | E51: =_xlfn.XLOOKUP(C51,Apoio!A:A,Apoio!B:B) -> Enfardamento De Palha | F51: =SUMIFS(Qtde_Oper_Plantio_Tratos!P:P,Qtde_Oper_Plantio_Tratos!$F:$F,'Dimensionamento Preparo'!$C51,Qtde_Oper_Plantio_Tratos!$I:$I,'Dimensionamento Preparo'!$D51) -> 0 | G51: =SUMIFS(Qtde_Oper_Plantio_Tratos!Q:Q,Qtde_Oper_Plantio_Tratos!$F:$F,'Dimensionamento Preparo'!$C51,Qtde_Oper_Plantio_Tratos!$I:$I,'Dimensionamento Preparo'!$D51) -> 0 | H51: =SUMIFS(Qtde_Oper_Plantio_Tratos!R:R,Qtde_Oper_Plantio_Tratos!$F:$F,'Dimensionamento Preparo'!$C51,Qtde_Oper_Plantio_Tratos!$I:$I,'Dimensionamento Preparo'!$D51) -> 0 | I51: =SUMIFS(Qtde_Oper_Plantio_Tratos!S:S,Qtde_Oper_Plantio_Tratos!$F:$F,'Dimensionamento Preparo'!$C51,Qtde_Oper_Plantio_Tratos!$I:$I,'Dimensionamento Preparo'!$D51) -> 0 | J51: =SUMIFS(Qtde_Oper_Plantio_Tratos!T:T,Qtde_Oper_Plantio_Tratos!$F:$F,'Dimensionamento Preparo'!$C51,Qtde_Oper_Plantio_Tratos!$I:$I,'Dimensionamento Preparo'!$D51) -> 0 | K51: =SUMIFS(Qtde_Oper_Plantio_Tratos!U:U,Qtde_Oper_Plantio_Tratos!$F:$F,'Dimensionamento Preparo'!$C51,Qtde_Oper_Plantio_Tratos!$I:$I,'Dimensionamento Preparo'!$D51) -> 0 | L51: =SUMIFS(Qtde_Oper_Plantio_Tratos!V:V,Qtde_Oper_Plantio_Tratos!$F:$F,'Dimensionamento Preparo'!$C51,Qtde_Oper_Plantio_Tratos!$I:$I,'Dimensionamento Preparo'!$D51) -> 0 | M51: =SUMIFS(Qtde_Oper_Plantio_Tratos!W:W,Qtde_Oper_Plantio_Tratos!$F:$F,'Dimensionamento Preparo'!$C51,Qtde_Oper_Plantio_Tratos!$I:$I,'Dimensionamento Preparo'!$D51) -> 0 | N51: =SUMIFS(Qtde_Oper_Plantio_Tratos!X:X,Qtde_Oper_Plantio_Tratos!$F:$F,'Dimensionamento Preparo'!$C51,Qtde_Oper_Plantio_Tratos!$I:$I,'Dimensionamento Preparo'!$D51) -> 0 | O51: =SUMIFS(Qtde_Oper_Plantio_Tratos!Y:Y,Qtde_Oper_Plantio_Tratos!$F:$F,'Dimensionamento Preparo'!$C51,Qtde_Oper_Plantio_Tratos!$I:$I,'Dimensionamento Preparo'!$D51) -> 0 | P51: =SUMIFS(Qtde_Oper_Plantio_Tratos!Z:Z,Qtde_Oper_Plantio_Tratos!$F:$F,'Dimensionamento Preparo'!$C51,Qtde_Oper_Plantio_Tratos!$I:$I,'Dimensionamento Preparo'!$D51) -> 0 | Q51: =SUMIFS(Qtde_Oper_Plantio_Tratos!AA:AA,Qtde_Oper_Plantio_Tratos!$F:$F,'Dimensionamento Preparo'!$C51,Qtde_Oper_Plantio_Tratos!$I:$I,'Dimensionamento Preparo'!$D51) -> 0 | R51: =SUM(F51:Q51) -> 0
D52: Proprio | E52: Trator_Recolhimento | F52: =IF($D52="Proprio",IFERROR(F51/(_xlfn.XLOOKUP(F$6,$F$102:$R$102,$F$103:$R$103)*_xlfn.XLOOKUP($C51,$D$78:$D$98,$F$78:$F$98)),0),0) -> 0 | G52: =IF($D52="Proprio",IFERROR(G51/(_xlfn.XLOOKUP(G$6,$F$102:$R$102,$F$103:$R$103)*_xlfn.XLOOKUP($C51,$D$78:$D$98,$F$78:$F$98)),0),0) -> 0 | H52: =IF($D52="Proprio",IFERROR(H51/(_xlfn.XLOOKUP(H$6,$F$102:$R$102,$F$103:$R$103)*_xlfn.XLOOKUP($C51,$D$78:$D$98,$F$78:$F$98)),0),0) -> 0 | I52: =IF($D52="Proprio",IFERROR(I51/(_xlfn.XLOOKUP(I$6,$F$102:$R$102,$F$103:$R$103)*_xlfn.XLOOKUP($C51,$D$78:$D$98,$F$78:$F$98)),0),0) -> 0 | J52: =IF($D52="Proprio",IFERROR(J51/(_xlfn.XLOOKUP(J$6,$F$102:$R$102,$F$103:$R$103)*_xlfn.XLOOKUP($C51,$D$78:$D$98,$F$78:$F$98)),0),0) -> 0 | K52: =IF($D52="Proprio",IFERROR(K51/(_xlfn.XLOOKUP(K$6,$F$102:$R$102,$F$103:$R$103)*_xlfn.XLOOKUP($C51,$D$78:$D$98,$F$78:$F$98)),0),0) -> 0 | L52: =IF($D52="Proprio",IFERROR(L51/(_xlfn.XLOOKUP(L$6,$F$102:$R$102,$F$103:$R$103)*_xlfn.XLOOKUP($C51,$D$78:$D$98,$F$78:$F$98)),0),0) -> 0 | M52: =IF($D52="Proprio",IFERROR(M51/(_xlfn.XLOOKUP(M$6,$F$102:$R$102,$F$103:$R$103)*_xlfn.XLOOKUP($C51,$D$78:$D$98,$F$78:$F$98)),0),0) -> 0 | ... Q52: =IF($D52="Proprio",IFERROR(Q51/(_xlfn.XLOOKUP(Q$6,$F$102:$R$102,$F$103:$R$103)*_xlfn.XLOOKUP($C51,$D$78:$D$98,$F$78:$F$98)),0),0) -> 0 | R52: =IFERROR(R51/(_xlfn.XLOOKUP(R$6,$F$102:$R$102,$F$103:$R$103)*_xlfn.XLOOKUP($C51,$D$78:$D$98,$F$78:$F$98)),0) -> 0
C53: 1024 | D53: TRATCSP | E53: =_xlfn.XLOOKUP(C53,Apoio!A:A,Apoio!B:B) -> Enleiramento De Palha | F53: =SUMIFS(Qtde_Oper_Plantio_Tratos!P:P,Qtde_Oper_Plantio_Tratos!$F:$F,'Dimensionamento Preparo'!$C53,Qtde_Oper_Plantio_Tratos!$I:$I,'Dimensionamento Preparo'!$D53) -> 221.587 | G53: =SUMIFS(Qtde_Oper_Plantio_Tratos!Q:Q,Qtde_Oper_Plantio_Tratos!$F:$F,'Dimensionamento Preparo'!$C53,Qtde_Oper_Plantio_Tratos!$I:$I,'Dimensionamento Preparo'!$D53) -> 385.283 | H53: =SUMIFS(Qtde_Oper_Plantio_Tratos!R:R,Qtde_Oper_Plantio_Tratos!$F:$F,'Dimensionamento Preparo'!$C53,Qtde_Oper_Plantio_Tratos!$I:$I,'Dimensionamento Preparo'!$D53) -> 165.468 | I53: =SUMIFS(Qtde_Oper_Plantio_Tratos!S:S,Qtde_Oper_Plantio_Tratos!$F:$F,'Dimensionamento Preparo'!$C53,Qtde_Oper_Plantio_Tratos!$I:$I,'Dimensionamento Preparo'!$D53) -> 0 | J53: =SUMIFS(Qtde_Oper_Plantio_Tratos!T:T,Qtde_Oper_Plantio_Tratos!$F:$F,'Dimensionamento Preparo'!$C53,Qtde_Oper_Plantio_Tratos!$I:$I,'Dimensionamento Preparo'!$D53) -> 156.614 | K53: =SUMIFS(Qtde_Oper_Plantio_Tratos!U:U,Qtde_Oper_Plantio_Tratos!$F:$F,'Dimensionamento Preparo'!$C53,Qtde_Oper_Plantio_Tratos!$I:$I,'Dimensionamento Preparo'!$D53) -> 172.982 | L53: =SUMIFS(Qtde_Oper_Plantio_Tratos!V:V,Qtde_Oper_Plantio_Tratos!$F:$F,'Dimensionamento Preparo'!$C53,Qtde_Oper_Plantio_Tratos!$I:$I,'Dimensionamento Preparo'!$D53) -> 193.864 | M53: =SUMIFS(Qtde_Oper_Plantio_Tratos!W:W,Qtde_Oper_Plantio_Tratos!$F:$F,'Dimensionamento Preparo'!$C53,Qtde_Oper_Plantio_Tratos!$I:$I,'Dimensionamento Preparo'!$D53) -> 100.577 | N53: =SUMIFS(Qtde_Oper_Plantio_Tratos!X:X,Qtde_Oper_Plantio_Tratos!$F:$F,'Dimensionamento Preparo'!$C53,Qtde_Oper_Plantio_Tratos!$I:$I,'Dimensionamento Preparo'!$D53) -> 0 | O53: =SUMIFS(Qtde_Oper_Plantio_Tratos!Y:Y,Qtde_Oper_Plantio_Tratos!$F:$F,'Dimensionamento Preparo'!$C53,Qtde_Oper_Plantio_Tratos!$I:$I,'Dimensionamento Preparo'!$D53) -> 0 | P53: =SUMIFS(Qtde_Oper_Plantio_Tratos!Z:Z,Qtde_Oper_Plantio_Tratos!$F:$F,'Dimensionamento Preparo'!$C53,Qtde_Oper_Plantio_Tratos!$I:$I,'Dimensionamento Preparo'!$D53) -> 10 | Q53: =SUMIFS(Qtde_Oper_Plantio_Tratos!AA:AA,Qtde_Oper_Plantio_Tratos!$F:$F,'Dimensionamento Preparo'!$C53,Qtde_Oper_Plantio_Tratos!$I:$I,'Dimensionamento Preparo'!$D53) -> 10 | R53: =SUMIFS(Qtde_Oper_Plantio_Tratos!AB:AB,Qtde_Oper_Plantio_Tratos!$F:$F,'Dimensionamento Preparo'!$C53,Qtde_Oper_Plantio_Tratos!$I:$I,'Dimensionamento Preparo'!$D53) -> 1416.375
D54: Proprio | E54: Trator_Recolhimento | F54: =IF($D54="Proprio",IFERROR(F53/(_xlfn.XLOOKUP(F$6,$F$102:$R$102,$F$103:$R$103)*_xlfn.XLOOKUP($C53,$D$78:$D$98,$F$78:$F$98)),0),0) -> 0 | G54: =IF($D54="Proprio",IFERROR(G53/(_xlfn.XLOOKUP(G$6,$F$102:$R$102,$F$103:$R$103)*_xlfn.XLOOKUP($C53,$D$78:$D$98,$F$78:$F$98)),0),0) -> 0 | H54: =IF($D54="Proprio",IFERROR(H53/(_xlfn.XLOOKUP(H$6,$F$102:$R$102,$F$103:$R$103)*_xlfn.XLOOKUP($C53,$D$78:$D$98,$F$78:$F$98)),0),0) -> 0 | I54: =IF($D54="Proprio",IFERROR(I53/(_xlfn.XLOOKUP(I$6,$F$102:$R$102,$F$103:$R$103)*_xlfn.XLOOKUP($C53,$D$78:$D$98,$F$78:$F$98)),0),0) -> 0 | J54: =IF($D54="Proprio",IFERROR(J53/(_xlfn.XLOOKUP(J$6,$F$102:$R$102,$F$103:$R$103)*_xlfn.XLOOKUP($C53,$D$78:$D$98,$F$78:$F$98)),0),0) -> 0 | K54: =IF($D54="Proprio",IFERROR(K53/(_xlfn.XLOOKUP(K$6,$F$102:$R$102,$F$103:$R$103)*_xlfn.XLOOKUP($C53,$D$78:$D$98,$F$78:$F$98)),0),0) -> 0 | L54: =IF($D54="Proprio",IFERROR(L53/(_xlfn.XLOOKUP(L$6,$F$102:$R$102,$F$103:$R$103)*_xlfn.XLOOKUP($C53,$D$78:$D$98,$F$78:$F$98)),0),0) -> 0 | M54: =IF($D54="Proprio",IFERROR(M53/(_xlfn.XLOOKUP(M$6,$F$102:$R$102,$F$103:$R$103)*_xlfn.XLOOKUP($C53,$D$78:$D$98,$F$78:$F$98)),0),0) -> 0 | ... Q54: =IF($D54="Proprio",IFERROR(Q53/(_xlfn.XLOOKUP(Q$6,$F$102:$R$102,$F$103:$R$103)*_xlfn.XLOOKUP($C53,$D$78:$D$98,$F$78:$F$98)),0),0) -> 0 | R54: =IFERROR(R53/(_xlfn.XLOOKUP(R$6,$F$102:$R$102,$F$103:$R$103)*_xlfn.XLOOKUP($C53,$D$78:$D$98,$F$78:$F$98)),0) -> 0
E55: Nec_Tratores | F55: =ROUNDUP(SUM(F54,F52,F50,F48),0) -> 4 | G55: =ROUNDUP(SUM(G54,G52,G50,G48),0) -> 7 | H55: =ROUNDUP(SUM(H54,H52,H50,H48),0) -> 3 | I55: =ROUNDUP(SUM(I54,I52,I50,I48),0) -> 0 | J55: =ROUNDUP(SUM(J54,J52,J50,J48),0) -> 3 | K55: =ROUNDUP(SUM(K54,K52,K50,K48),0) -> 3 | L55: =ROUNDUP(SUM(L54,L52,L50,L48),0) -> 4 | M55: =ROUNDUP(SUM(M54,M52,M50,M48),0) -> 2 | ... R55: =ROUNDUP(SUM(R54,R52,R50,R48),0) -> 3
E56: Disp_Tratores | F56: =SUMIFS($F65:$F73,$E$65:$E$73,$E54) -> 5 | G56: =SUMIFS($F65:$F73,$E$65:$E$73,$E54) -> 5 | H56: =SUMIFS($F65:$F73,$E$65:$E$73,$E54) -> 5 | I56: =SUMIFS($F65:$F73,$E$65:$E$73,$E54) -> 5 | J56: =SUMIFS($F65:$F73,$E$65:$E$73,$E54) -> 5 | K56: =SUMIFS($F65:$F73,$E$65:$E$73,$E54) -> 5 | L56: =SUMIFS($F65:$F73,$E$65:$E$73,$E54) -> 5 | M56: =SUMIFS($F65:$F73,$E$65:$E$73,$E54) -> 5 | ... R56: =SUMIFS($F65:$F73,$E$65:$E$73,$E54) -> 5
E59: Total_Nec_Tratores | F59: =ROUNDUP(SUM(F27,F44,F55),0) -> 36 | G59: =ROUNDUP(SUM(G27,G44,G55),0) -> 15 | H59: =ROUNDUP(SUM(H27,H44,H55),0) -> 21 | I59: =ROUNDUP(SUM(I27,I44,I55),0) -> 22 | J59: =ROUNDUP(SUM(J27,J44,J55),0) -> 26 | K59: =ROUNDUP(SUM(K27,K44,K55),0) -> 31 | L59: =ROUNDUP(SUM(L27,L44,L55),0) -> 21 | M59: =ROUNDUP(SUM(M27,M44,M55),0) -> 2 | ... R59: =ROUNDUP(SUM(R27,R44,R55),0) -> 22
E60: Total_Disp_Tratores | F60: =F74 -> 22 | G60: =G74 -> 22 | H60: =H74 -> 22 | I60: =I74 -> 22 | J60: =J74 -> 22 | K60: =K74 -> 22 | L60: =L74 -> 22 | M60: =M74 -> 22 | ... R60: =R74 -> 17
E63: Inventário Máquinas
E64: Mês | F64: 45748 | G64: 45778 | H64: 45809 | I64: 45839 | J64: 45870 | K64: 45901 | L64: 45931 | M64: 45962 | N64: 45992 | O64: 46023 | P64: 46054 | Q64: 46082 | R64: Total
E65: Trator_Preparo | F65: 12 | G65: 12 | H65: 12 | I65: 12 | J65: 12 | K65: 12 | L65: 12 | M65: 12 | N65: 12 | O65: 12 | P65: 12 | Q65: 12 | R65: 3
E66: Trator_Torta
E67: Maquinas_Amarela | F67: 3 | G67: 3 | H67: 3 | I67: 3 | J67: 3 | K67: 3 | L67: 3 | M67: 3 | N67: 3 | O67: 3 | P67: 3 | Q67: 5 | R67: 3
E68: Trator_Recolhimento | F68: 5 | G68: 5 | H68: 5 | I68: 5 | J68: 5 | K68: 5 | L68: 5 | M68: 5 | N68: 5 | O68: 5 | P68: 5 | Q68: 2 | R68: 3
E69: Pá_Carregadeira | F69: 2 | G69: 2 | H69: 2 | I69: 2 | J69: 2 | K69: 2 | L69: 2 | M69: 2 | N69: 2 | O69: 2 | P69: 2 | Q69: 2 | R69: 4
R70: 2
R71: 2
E74: Total | F74: =SUM(F65:F73) -> 22 | G74: =SUM(G65:G73) -> 22 | H74: =SUM(H65:H73) -> 22 | I74: =SUM(I65:I73) -> 22 | J74: =SUM(J65:J73) -> 22 | K74: =SUM(K65:K73) -> 22 | L74: =SUM(L65:L73) -> 22 | M74: =SUM(M65:M73) -> 22 | ... R74: =SUM(R65:R73) -> 17
E76: Rendimento Operacional
E77: Operação | F77: ha/máquina/dia | G77: Rendimento H | H77: Horas/Maq/Dia
C78: 3 | D78: 1001 | E78: =IFERROR(_xlfn.XLOOKUP(D78,Apoio!A:A,Apoio!B:B),"") -> Terraceamento | F78: =IFERROR(G78*H78,0) -> 10.28 | G78: =IFERROR(_xlfn.XLOOKUP($D78,'Rendimentos '!$B:$B,'Rendimentos '!$H:$H),"") -> 2.4 | H78: =IFERROR(_xlfn.XLOOKUP(D78,'Plano Horas'!C:C,'Plano Horas'!P:P),"") -> 4.2833333
D79: 1002 | E79: =IFERROR(_xlfn.XLOOKUP(D79,Apoio!A:A,Apoio!B:B),"") -> Terraplanagem | F79: =IFERROR(G79*H79,0) -> 5.3847619 | G79: =IFERROR(_xlfn.XLOOKUP($D79,'Rendimentos '!$B:$B,'Rendimentos '!$H:$H),"") -> 1.2571429 | H79: =IFERROR(_xlfn.XLOOKUP(D79,'Plano Horas'!C:C,'Plano Horas'!P:P),"") -> 4.2833333
D80: 1003 | E80: =IFERROR(_xlfn.XLOOKUP(D80,Apoio!A:A,Apoio!B:B),"") -> Conservação De Estradas | F80: =IFERROR(G80*H80,0) -> 5.2011905 | G80: =IFERROR(_xlfn.XLOOKUP($D80,'Rendimentos '!$B:$B,'Rendimentos '!$H:$H),"") -> 1.2142857 | H80: =IFERROR(_xlfn.XLOOKUP(D80,'Plano Horas'!C:C,'Plano Horas'!P:P),"") -> 4.2833333
D81: 1004 | E81: =IFERROR(_xlfn.XLOOKUP(D81,Apoio!A:A,Apoio!B:B),"") -> Curva Em Nível | F81: =IFERROR(G81*H81,0) -> 12.85 | G81: =IFERROR(_xlfn.XLOOKUP($D81,'Rendimentos '!$B:$B,'Rendimentos '!$H:$H),"") -> 3 | H81: =IFERROR(_xlfn.XLOOKUP(D81,'Plano Horas'!C:C,'Plano Horas'!P:P),"") -> 4.2833333
D82: 1005 | E82: =IFERROR(_xlfn.XLOOKUP(D82,Apoio!A:A,Apoio!B:B),"") -> Sistematização | F82: =IFERROR(G82*H82,0) -> 14.135 | G82: =IFERROR(_xlfn.XLOOKUP($D82,'Rendimentos '!$B:$B,'Rendimentos '!$H:$H),"") -> 3.3 | H82: =IFERROR(_xlfn.XLOOKUP(D82,'Plano Horas'!C:C,'Plano Horas'!P:P),"") -> 4.2833333
D83: 1011 | E83: =IFERROR(_xlfn.XLOOKUP(D83,Apoio!A:A,Apoio!B:B),"") -> Aração | F83: =IFERROR(G83*H83,0) -> 2.1416667 | G83: =IFERROR(_xlfn.XLOOKUP($D83,'Rendimentos '!$B:$B,'Rendimentos '!$H:$H),"") -> 0.5 | H83: =IFERROR(_xlfn.XLOOKUP(D83,'Plano Horas'!C:C,'Plano Horas'!P:P),"") -> 4.2833333
D84: 1013 | E84: =IFERROR(_xlfn.XLOOKUP(D84,Apoio!A:A,Apoio!B:B),"") -> Gradagem Aradora | F84: =IFERROR(G84*H84,0) -> 4.2716667 | G84: =IFERROR(_xlfn.XLOOKUP($D84,'Rendimentos '!$B:$B,'Rendimentos '!$H:$H),"") -> 1.1 | H84: =IFERROR(_xlfn.XLOOKUP(D84,'Plano Horas'!C:C,'Plano Horas'!P:P),"") -> 3.8833333
D85: 1014 | E85: =IFERROR(_xlfn.XLOOKUP(D85,Apoio!A:A,Apoio!B:B),"") -> Gradagem Intermediária | F85: =IFERROR(G85*H85,0) -> 5.825 | G85: =IFERROR(_xlfn.XLOOKUP($D85,'Rendimentos '!$B:$B,'Rendimentos '!$H:$H),"") -> 1.5 | H85: =IFERROR(_xlfn.XLOOKUP(D85,'Plano Horas'!C:C,'Plano Horas'!P:P),"") -> 3.8833333
D86: 1015 | E86: =IFERROR(_xlfn.XLOOKUP(D86,Apoio!A:A,Apoio!B:B),"") -> Gradagem Niveladora | F86: =IFERROR(G86*H86,0) -> 8.5433333 | G86: =IFERROR(_xlfn.XLOOKUP($D86,'Rendimentos '!$B:$B,'Rendimentos '!$H:$H),"") -> 2.2 | H86: =IFERROR(_xlfn.XLOOKUP(D86,'Plano Horas'!C:C,'Plano Horas'!P:P),"") -> 3.8833333
D87: 1016 | E87: =IFERROR(_xlfn.XLOOKUP(D87,Apoio!A:A,Apoio!B:B),"") -> Subsolagem | F87: =IFERROR(G87*H87,0) -> 3.495 | G87: =IFERROR(_xlfn.XLOOKUP($D87,'Rendimentos '!$B:$B,'Rendimentos '!$H:$H),"") -> 0.9 | H87: =IFERROR(_xlfn.XLOOKUP(D87,'Plano Horas'!C:C,'Plano Horas'!P:P),"") -> 3.8833333
D88: 1019 | E88: =IFERROR(_xlfn.XLOOKUP(D88,Apoio!A:A,Apoio!B:B),"") -> Destruição De Soqueira / Sph | F88: =IFERROR(G88*H88,0) -> 4.2833333 | G88: =IFERROR(_xlfn.XLOOKUP($D88,'Rendimentos '!$B:$B,'Rendimentos '!$H:$H),"") -> 1 | H88: =IFERROR(_xlfn.XLOOKUP(D88,'Plano Horas'!C:C,'Plano Horas'!P:P),"") -> 4.2833333
D89: 1081 | E89: =IFERROR(_xlfn.XLOOKUP(D89,Apoio!A:A,Apoio!B:B),"") -> Canterizador De Cana | F89: =IFERROR(G89*H89,0) -> 4.2833333 | G89: =IFERROR(_xlfn.XLOOKUP($D89,'Rendimentos '!$B:$B,'Rendimentos '!$H:$H),"") -> 1 | H89: =IFERROR(_xlfn.XLOOKUP(D89,'Plano Horas'!C:C,'Plano Horas'!P:P),"") -> 4.2833333
D90: 1001 | E90: =IFERROR(_xlfn.XLOOKUP(D90,Apoio!A:A,Apoio!B:B),"") -> Terraceamento | F90: =IFERROR(G90*H90,0) -> 10.28 | G90: =IFERROR(_xlfn.XLOOKUP($D90,'Rendimentos '!$B:$B,'Rendimentos '!$H:$H),"") -> 2.4 | H90: =IFERROR(_xlfn.XLOOKUP(D90,'Plano Horas'!C:C,'Plano Horas'!P:P),"") -> 4.2833333
... D98: 1106 | E98: =IFERROR(_xlfn.XLOOKUP(D98,Apoio!A:A,Apoio!B:B),"") -> Enxada Rotativa | F98: =IFERROR(G98*H98,0) -> 0 | G98: =IFERROR(_xlfn.XLOOKUP($D98,'Rendimentos '!$B:$B,'Rendimentos '!$H:$H),"") -> 0 | H98: =IFERROR(_xlfn.XLOOKUP(D98,'Plano Horas'!C:C,'Plano Horas'!P:P),"")
E101: Dias Trabalháveis
E102: Mês | F102: 45748 | G102: 45778 | H102: 45809 | I102: 45839 | J102: 45870 | K102: 45901 | L102: 45931 | M102: 45962 | N102: 45992 | O102: 46023 | P102: 46054 | Q102: 46082 | R102: Total
E103: Dias Trabalháveis | F103: 23.520533 | G103: 26 | H103: 28 | I103: 30 | J103: 29 | K103: 27 | L103: 23.230304 | M103: 20.779403 | N103: 14.2 | O103: 9.2 | P103: 11.2 | Q103: 18 | R103: =SUM(F103:Q103) -> 260.13024

Sheet Dimensionamento Tratos
E2: DIMENSIONAMENTO DE MÁQUINAS - TRATOS CULTURAIS - OPERAÇÕES PRÓPRIAS
E5: Trator Tratos
C6: Op | D6: Fluxo | E6: Mês | F6: 45748 | G6: 45778 | H6: 45809 | I6: 45839 | J6: 45870 | K6: 45901 | L6: 45931 | M6: 45962 | N6: 45992 | O6: 46023 | P6: 46054 | Q6: 46082 | R6: Total
B7: Trator_Herbicida | C7: 1031 | D7: TRATCSP | E7: =_xlfn.XLOOKUP(C7,Apoio!A:A,Apoio!B:B) -> 1ª Aplicação De Herbicida | F7: =SUMIFS(Qtde_Oper_Plantio_Tratos!P:P,Qtde_Oper_Plantio_Tratos!$F:$F,'Dimensionamento Tratos'!$C7,Qtde_Oper_Plantio_Tratos!$I:$I,'Dimensionamento Tratos'!$D7) -> 1329.522 | G7: =SUMIFS(Qtde_Oper_Plantio_Tratos!Q:Q,Qtde_Oper_Plantio_Tratos!$F:$F,'Dimensionamento Tratos'!$C7,Qtde_Oper_Plantio_Tratos!$I:$I,'Dimensionamento Tratos'!$D7) -> 2090.75 | H7: =SUMIFS(Qtde_Oper_Plantio_Tratos!R:R,Qtde_Oper_Plantio_Tratos!$F:$F,'Dimensionamento Tratos'!$C7,Qtde_Oper_Plantio_Tratos!$I:$I,'Dimensionamento Tratos'!$D7) -> 2335.49 | I7: =SUMIFS(Qtde_Oper_Plantio_Tratos!S:S,Qtde_Oper_Plantio_Tratos!$F:$F,'Dimensionamento Tratos'!$C7,Qtde_Oper_Plantio_Tratos!$I:$I,'Dimensionamento Tratos'!$D7) -> 1476.67 | J7: =SUMIFS(Qtde_Oper_Plantio_Tratos!T:T,Qtde_Oper_Plantio_Tratos!$F:$F,'Dimensionamento Tratos'!$C7,Qtde_Oper_Plantio_Tratos!$I:$I,'Dimensionamento Tratos'!$D7) -> 1496.14 | K7: =SUMIFS(Qtde_Oper_Plantio_Tratos!U:U,Qtde_Oper_Plantio_Tratos!$F:$F,'Dimensionamento Tratos'!$C7,Qtde_Oper_Plantio_Tratos!$I:$I,'Dimensionamento Tratos'!$D7) -> 1659.82 | L7: =SUMIFS(Qtde_Oper_Plantio_Tratos!V:V,Qtde_Oper_Plantio_Tratos!$F:$F,'Dimensionamento Tratos'!$C7,Qtde_Oper_Plantio_Tratos!$I:$I,'Dimensionamento Tratos'!$D7) -> 1868.84 | M7: =SUMIFS(Qtde_Oper_Plantio_Tratos!W:W,Qtde_Oper_Plantio_Tratos!$F:$F,'Dimensionamento Tratos'!$C7,Qtde_Oper_Plantio_Tratos!$I:$I,'Dimensionamento Tratos'!$D7) -> 1005.77 | N7: =SUMIFS(Qtde_Oper_Plantio_Tratos!X:X,Qtde_Oper_Plantio_Tratos!$F:$F,'Dimensionamento Tratos'!$C7,Qtde_Oper_Plantio_Tratos!$I:$I,'Dimensionamento Tratos'!$D7) -> 0 | O7: =SUMIFS(Qtde_Oper_Plantio_Tratos!Y:Y,Qtde_Oper_Plantio_Tratos!$F:$F,'Dimensionamento Tratos'!$C7,Qtde_Oper_Plantio_Tratos!$I:$I,'Dimensionamento Tratos'!$D7) -> 0 | P7: =SUMIFS(Qtde_Oper_Plantio_Tratos!Z:Z,Qtde_Oper_Plantio_Tratos!$F:$F,'Dimensionamento Tratos'!$C7,Qtde_Oper_Plantio_Tratos!$I:$I,'Dimensionamento Tratos'!$D7) -> 100 | Q7: =SUMIFS(Qtde_Oper_Plantio_Tratos!AA:AA,Qtde_Oper_Plantio_Tratos!$F:$F,'Dimensionamento Tratos'!$C7,Qtde_Oper_Plantio_Tratos!$I:$I,'Dimensionamento Tratos'!$D7) -> 100 | R7: =SUM(F7:Q7) -> 13463.002
D8: Proprio | E8: Trator_Herbicida | F8: =IF($D8="Proprio",IFERROR(F7/(_xlfn.XLOOKUP(F$6,$F$112:$R$112,$F$113:$R$113)*_xlfn.XLOOKUP($C7,$D$94:$D$108,$F$94:$F$108)),0),0) -> 0.71551917 | G8: =IF($D8="Proprio",IFERROR(G7/(_xlfn.XLOOKUP(G$6,$F$112:$R$112,$F$113:$R$113)*_xlfn.XLOOKUP($C7,$D$94:$D$108,$F$94:$F$108)),0),0) -> 1.0178919 | H8: =IF($D8="Proprio",IFERROR(H7/(_xlfn.XLOOKUP(H$6,$F$112:$R$112,$F$113:$R$113)*_xlfn.XLOOKUP($C7,$D$94:$D$108,$F$94:$F$108)),0),0) -> 1.0558273 | I8: =IF($D8="Proprio",IFERROR(I7/(_xlfn.XLOOKUP(I$6,$F$112:$R$112,$F$113:$R$113)*_xlfn.XLOOKUP($C7,$D$94:$D$108,$F$94:$F$108)),0),0) -> 0.62306751 | J8: =IF($D8="Proprio",IFERROR(J7/(_xlfn.XLOOKUP(J$6,$F$112:$R$112,$F$113:$R$113)*_xlfn.XLOOKUP($C7,$D$94:$D$108,$F$94:$F$108)),0),0) -> 0.65305107 | K8: =IF($D8="Proprio",IFERROR(K7/(_xlfn.XLOOKUP(K$6,$F$112:$R$112,$F$113:$R$113)*_xlfn.XLOOKUP($C7,$D$94:$D$108,$F$94:$F$108)),0),0) -> 0.77816221 | L8: =IF($D8="Proprio",IFERROR(L7/(_xlfn.XLOOKUP(L$6,$F$112:$R$112,$F$113:$R$113)*_xlfn.XLOOKUP($C7,$D$94:$D$108,$F$94:$F$108)),0),0) -> 1.0183337 | M8: =IF($D8="Proprio",IFERROR(M7/(_xlfn.XLOOKUP(M$6,$F$112:$R$112,$F$113:$R$113)*_xlfn.XLOOKUP($C7,$D$94:$D$108,$F$94:$F$108)),0),0) -> 0.61268679 | ... Q8: =IF($D8="Proprio",IFERROR(Q7/(_xlfn.XLOOKUP(Q$6,$F$112:$R$112,$F$113:$R$113)*_xlfn.XLOOKUP($C7,$D$94:$D$108,$F$94:$F$108)),0),0) -> 0.070323488 | R8: =IFERROR(R7/(_xlfn.XLOOKUP(R$6,$F$112:$R$112,$F$113:$R$113)*_xlfn.XLOOKUP($C7,$D$94:$D$108,$F$94:$F$108)),0) -> 0.6551247
C9: 1031 | D9: TRATCPP | E9: =_xlfn.XLOOKUP(C9,Apoio!A:A,Apoio!B:B) -> 1ª Aplicação De Herbicida | F9: =SUMIFS(Qtde_Oper_Plantio_Tratos!P:P,Qtde_Oper_Plantio_Tratos!$F:$F,'Dimensionamento Tratos'!$C9,Qtde_Oper_Plantio_Tratos!$I:$I,'Dimensionamento Tratos'!$D9) -> 600 | G9: =SUMIFS(Qtde_Oper_Plantio_Tratos!Q:Q,Qtde_Oper_Plantio_Tratos!$F:$F,'Dimensionamento Tratos'!$C9,Qtde_Oper_Plantio_Tratos!$I:$I,'Dimensionamento Tratos'!$D9) -> 110 | H9: =SUMIFS(Qtde_Oper_Plantio_Tratos!R:R,Qtde_Oper_Plantio_Tratos!$F:$F,'Dimensionamento Tratos'!$C9,Qtde_Oper_Plantio_Tratos!$I:$I,'Dimensionamento Tratos'!$D9) -> 0 | I9: =SUMIFS(Qtde_Oper_Plantio_Tratos!S:S,Qtde_Oper_Plantio_Tratos!$F:$F,'Dimensionamento Tratos'!$C9,Qtde_Oper_Plantio_Tratos!$I:$I,'Dimensionamento Tratos'!$D9) -> 0 | J9: =SUMIFS(Qtde_Oper_Plantio_Tratos!T:T,Qtde_Oper_Plantio_Tratos!$F:$F,'Dimensionamento Tratos'!$C9,Qtde_Oper_Plantio_Tratos!$I:$I,'Dimensionamento Tratos'!$D9) -> 0 | K9: =SUMIFS(Qtde_Oper_Plantio_Tratos!U:U,Qtde_Oper_Plantio_Tratos!$F:$F,'Dimensionamento Tratos'!$C9,Qtde_Oper_Plantio_Tratos!$I:$I,'Dimensionamento Tratos'!$D9) -> 250 | L9: =SUMIFS(Qtde_Oper_Plantio_Tratos!V:V,Qtde_Oper_Plantio_Tratos!$F:$F,'Dimensionamento Tratos'!$C9,Qtde_Oper_Plantio_Tratos!$I:$I,'Dimensionamento Tratos'!$D9) -> 250 | M9: =SUMIFS(Qtde_Oper_Plantio_Tratos!W:W,Qtde_Oper_Plantio_Tratos!$F:$F,'Dimensionamento Tratos'!$C9,Qtde_Oper_Plantio_Tratos!$I:$I,'Dimensionamento Tratos'!$D9) -> 0 | N9: =SUMIFS(Qtde_Oper_Plantio_Tratos!X:X,Qtde_Oper_Plantio_Tratos!$F:$F,'Dimensionamento Tratos'!$C9,Qtde_Oper_Plantio_Tratos!$I:$I,'Dimensionamento Tratos'!$D9) -> 0 | O9: =SUMIFS(Qtde_Oper_Plantio_Tratos!Y:Y,Qtde_Oper_Plantio_Tratos!$F:$F,'Dimensionamento Tratos'!$C9,Qtde_Oper_Plantio_Tratos!$I:$I,'Dimensionamento Tratos'!$D9) -> 0 | P9: =SUMIFS(Qtde_Oper_Plantio_Tratos!Z:Z,Qtde_Oper_Plantio_Tratos!$F:$F,'Dimensionamento Tratos'!$C9,Qtde_Oper_Plantio_Tratos!$I:$I,'Dimensionamento Tratos'!$D9) -> 400 | Q9: =SUMIFS(Qtde_Oper_Plantio_Tratos!AA:AA,Qtde_Oper_Plantio_Tratos!$F:$F,'Dimensionamento Tratos'!$C9,Qtde_Oper_Plantio_Tratos!$I:$I,'Dimensionamento Tratos'!$D9) -> 650 | R9: =SUMIFS(Qtde_Oper_Plantio_Tratos!AB:AB,Qtde_Oper_Plantio_Tratos!$F:$F,'Dimensionamento Tratos'!$C9,Qtde_Oper_Plantio_Tratos!$I:$I,'Dimensionamento Tratos'!$D9) -> 2260
D10: Proprio | E10: Trator_Herbicida | F10: =IF($D10="Proprio",IFERROR(F9/(_xlfn.XLOOKUP(F$6,$F$112:$R$112,$F$113:$R$113)*_xlfn.XLOOKUP($C9,$D$94:$D$108,$F$94:$F$108)),0),0) -> 0.32290665 | G10: =IF($D10="Proprio",IFERROR(G9/(_xlfn.XLOOKUP(G$6,$F$112:$R$112,$F$113:$R$113)*_xlfn.XLOOKUP($C9,$D$94:$D$108,$F$94:$F$108)),0),0) -> 0.053554041 | H10: =IF($D10="Proprio",IFERROR(H9/(_xlfn.XLOOKUP(H$6,$F$112:$R$112,$F$113:$R$113)*_xlfn.XLOOKUP($C9,$D$94:$D$108,$F$94:$F$108)),0),0) -> 0 | I10: =IF($D10="Proprio",IFERROR(I9/(_xlfn.XLOOKUP(I$6,$F$112:$R$112,$F$113:$R$113)*_xlfn.XLOOKUP($C9,$D$94:$D$108,$F$94:$F$108)),0),0) -> 0 | J10: =IF($D10="Proprio",IFERROR(J9/(_xlfn.XLOOKUP(J$6,$F$112:$R$112,$F$113:$R$113)*_xlfn.XLOOKUP($C9,$D$94:$D$108,$F$94:$F$108)),0),0) -> 0 | K10: =IF($D10="Proprio",IFERROR(K9/(_xlfn.XLOOKUP(K$6,$F$112:$R$112,$F$113:$R$113)*_xlfn.XLOOKUP($C9,$D$94:$D$108,$F$94:$F$108)),0),0) -> 0.11720581 | L10: =IF($D10="Proprio",IFERROR(L9/(_xlfn.XLOOKUP(L$6,$F$112:$R$112,$F$113:$R$113)*_xlfn.XLOOKUP($C9,$D$94:$D$108,$F$94:$F$108)),0),0) -> 0.13622538 | M10: =IF($D10="Proprio",IFERROR(M9/(_xlfn.XLOOKUP(M$6,$F$112:$R$112,$F$113:$R$113)*_xlfn.XLOOKUP($C9,$D$94:$D$108,$F$94:$F$108)),0),0) -> 0 | ... Q10: =IF($D10="Proprio",IFERROR(Q9/(_xlfn.XLOOKUP(Q$6,$F$112:$R$112,$F$113:$R$113)*_xlfn.XLOOKUP($C9,$D$94:$D$108,$F$94:$F$108)),0),0) -> 0.45710267 | R10: =IFERROR(R9/(_xlfn.XLOOKUP(R$6,$F$112:$R$112,$F$113:$R$113)*_xlfn.XLOOKUP($C9,$D$94:$D$108,$F$94:$F$108)),0) -> 0.10997412
C11: 1031 | D11: TRATCSF | E11: =_xlfn.XLOOKUP(C11,Apoio!A:A,Apoio!B:B) -> 1ª Aplicação De Herbicida | F11: =SUMIFS(Qtde_Oper_Plantio_Tratos!P:P,Qtde_Oper_Plantio_Tratos!$F:$F,'Dimensionamento Tratos'!$C11,Qtde_Oper_Plantio_Tratos!$I:$I,'Dimensionamento Tratos'!$D11) -> 0 | G11: =SUMIFS(Qtde_Oper_Plantio_Tratos!Q:Q,Qtde_Oper_Plantio_Tratos!$F:$F,'Dimensionamento Tratos'!$C11,Qtde_Oper_Plantio_Tratos!$I:$I,'Dimensionamento Tratos'!$D11) -> 0 | H11: =SUMIFS(Qtde_Oper_Plantio_Tratos!R:R,Qtde_Oper_Plantio_Tratos!$F:$F,'Dimensionamento Tratos'!$C11,Qtde_Oper_Plantio_Tratos!$I:$I,'Dimensionamento Tratos'!$D11) -> 100 | I11: =SUMIFS(Qtde_Oper_Plantio_Tratos!S:S,Qtde_Oper_Plantio_Tratos!$F:$F,'Dimensionamento Tratos'!$C11,Qtde_Oper_Plantio_Tratos!$I:$I,'Dimensionamento Tratos'!$D11) -> 0 | J11: =SUMIFS(Qtde_Oper_Plantio_Tratos!T:T,Qtde_Oper_Plantio_Tratos!$F:$F,'Dimensionamento Tratos'!$C11,Qtde_Oper_Plantio_Tratos!$I:$I,'Dimensionamento Tratos'!$D11) -> 100 | K11: =SUMIFS(Qtde_Oper_Plantio_Tratos!U:U,Qtde_Oper_Plantio_Tratos!$F:$F,'Dimensionamento Tratos'!$C11,Qtde_Oper_Plantio_Tratos!$I:$I,'Dimensionamento Tratos'!$D11) -> 100 | L11: =SUMIFS(Qtde_Oper_Plantio_Tratos!V:V,Qtde_Oper_Plantio_Tratos!$F:$F,'Dimensionamento Tratos'!$C11,Qtde_Oper_Plantio_Tratos!$I:$I,'Dimensionamento Tratos'!$D11) -> 100 | M11: =SUMIFS(Qtde_Oper_Plantio_Tratos!W:W,Qtde_Oper_Plantio_Tratos!$F:$F,'Dimensionamento Tratos'!$C11,Qtde_Oper_Plantio_Tratos!$I:$I,'Dimensionamento Tratos'!$D11) -> 0 | N11: =SUMIFS(Qtde_Oper_Plantio_Tratos!X:X,Qtde_Oper_Plantio_Tratos!$F:$F,'Dimensionamento Tratos'!$C11,Qtde_Oper_Plantio_Tratos!$I:$I,'Dimensionamento Tratos'!$D11) -> 0 | O11: =SUMIFS(Qtde_Oper_Plantio_Tratos!Y:Y,Qtde_Oper_Plantio_Tratos!$F:$F,'Dimensionamento Tratos'!$C11,Qtde_Oper_Plantio_Tratos!$I:$I,'Dimensionamento Tratos'!$D11) -> 0 | P11: =SUMIFS(Qtde_Oper_Plantio_Tratos!Z:Z,Qtde_Oper_Plantio_Tratos!$F:$F,'Dimensionamento Tratos'!$C11,Qtde_Oper_Plantio_Tratos!$I:$I,'Dimensionamento Tratos'!$D11) -> 0 | Q11: =SUMIFS(Qtde_Oper_Plantio_Tratos!AA:AA,Qtde_Oper_Plantio_Tratos!$F:$F,'Dimensionamento Tratos'!$C11,Qtde_Oper_Plantio_Tratos!$I:$I,'Dimensionamento Tratos'!$D11) -> 0 | R11: =SUM(F11:Q11) -> 400
D12: Proprio | E12: Trator_Herbicida | F12: =IF($D12="Proprio",IFERROR(F11/(_xlfn.XLOOKUP(F$6,$F$112:$R$112,$F$113:$R$113)*_xlfn.XLOOKUP($C11,$D$94:$D$108,$F$94:$F$108)),0),0) -> 0 | G12: =IF($D12="Proprio",IFERROR(G11/(_xlfn.XLOOKUP(G$6,$F$112:$R$112,$F$113:$R$113)*_xlfn.XLOOKUP($C11,$D$94:$D$108,$F$94:$F$108)),0),0) -> 0 | H12: =IF($D12="Proprio",IFERROR(H11/(_xlfn.XLOOKUP(H$6,$F$112:$R$112,$F$113:$R$113)*_xlfn.XLOOKUP($C11,$D$94:$D$108,$F$94:$F$108)),0),0) -> 0.045207957 | I12: =IF($D12="Proprio",IFERROR(I11/(_xlfn.XLOOKUP(I$6,$F$112:$R$112,$F$113:$R$113)*_xlfn.XLOOKUP($C11,$D$94:$D$108,$F$94:$F$108)),0),0) -> 0 | J12: =IF($D12="Proprio",IFERROR(J11/(_xlfn.XLOOKUP(J$6,$F$112:$R$112,$F$113:$R$113)*_xlfn.XLOOKUP($C11,$D$94:$D$108,$F$94:$F$108)),0),0) -> 0.043649062 | K12: =IF($D12="Proprio",IFERROR(K11/(_xlfn.XLOOKUP(K$6,$F$112:$R$112,$F$113:$R$113)*_xlfn.XLOOKUP($C11,$D$94:$D$108,$F$94:$F$108)),0),0) -> 0.046882325 | L12: =IF($D12="Proprio",IFERROR(L11/(_xlfn.XLOOKUP(L$6,$F$112:$R$112,$F$113:$R$113)*_xlfn.XLOOKUP($C11,$D$94:$D$108,$F$94:$F$108)),0),0) -> 0.054490151 | M12: =IF($D12="Proprio",IFERROR(M11/(_xlfn.XLOOKUP(M$6,$F$112:$R$112,$F$113:$R$113)*_xlfn.XLOOKUP($C11,$D$94:$D$108,$F$94:$F$108)),0),0) -> 0 | ... Q12: =IF($D12="Proprio",IFERROR(Q11/(_xlfn.XLOOKUP(Q$6,$F$112:$R$112,$F$113:$R$113)*_xlfn.XLOOKUP($C11,$D$94:$D$108,$F$94:$F$108)),0),0) -> 0 | R12: =IFERROR(R11/(_xlfn.XLOOKUP(R$6,$F$112:$R$112,$F$113:$R$113)*_xlfn.XLOOKUP($C11,$D$94:$D$108,$F$94:$F$108)),0) -> 0.019464446
C13: 1079 | D13: PREPSP | E13: =_xlfn.XLOOKUP(C13,Apoio!A:A,Apoio!B:B) -> Aplicação Dessecação | F13: =SUMIFS(Qtde_Oper_Plantio_Tratos!P:P,Qtde_Oper_Plantio_Tratos!$F:$F,'Dimensionamento Tratos'!$C13,Qtde_Oper_Plantio_Tratos!$I:$I,'Dimensionamento Tratos'!$D13) -> 0 | G13: =SUMIFS(Qtde_Oper_Plantio_Tratos!Q:Q,Qtde_Oper_Plantio_Tratos!$F:$F,'Dimensionamento Tratos'!$C13,Qtde_Oper_Plantio_Tratos!$I:$I,'Dimensionamento Tratos'!$D13) -> 0 | H13: =SUMIFS(Qtde_Oper_Plantio_Tratos!R:R,Qtde_Oper_Plantio_Tratos!$F:$F,'Dimensionamento Tratos'!$C13,Qtde_Oper_Plantio_Tratos!$I:$I,'Dimensionamento Tratos'!$D13) -> 152.8 | I13: =SUMIFS(Qtde_Oper_Plantio_Tratos!S:S,Qtde_Oper_Plantio_Tratos!$F:$F,'Dimensionamento Tratos'!$C13,Qtde_Oper_Plantio_Tratos!$I:$I,'Dimensionamento Tratos'!$D13) -> 207.276 | J13: =SUMIFS(Qtde_Oper_Plantio_Tratos!T:T,Qtde_Oper_Plantio_Tratos!$F:$F,'Dimensionamento Tratos'!$C13,Qtde_Oper_Plantio_Tratos!$I:$I,'Dimensionamento Tratos'!$D13) -> 518.19 | K13: =SUMIFS(Qtde_Oper_Plantio_Tratos!U:U,Qtde_Oper_Plantio_Tratos!$F:$F,'Dimensionamento Tratos'!$C13,Qtde_Oper_Plantio_Tratos!$I:$I,'Dimensionamento Tratos'!$D13) -> 136.87 | L13: =SUMIFS(Qtde_Oper_Plantio_Tratos!V:V,Qtde_Oper_Plantio_Tratos!$F:$F,'Dimensionamento Tratos'!$C13,Qtde_Oper_Plantio_Tratos!$I:$I,'Dimensionamento Tratos'!$D13) -> 0 | M13: =SUMIFS(Qtde_Oper_Plantio_Tratos!W:W,Qtde_Oper_Plantio_Tratos!$F:$F,'Dimensionamento Tratos'!$C13,Qtde_Oper_Plantio_Tratos!$I:$I,'Dimensionamento Tratos'!$D13) -> 0 | N13: =SUMIFS(Qtde_Oper_Plantio_Tratos!X:X,Qtde_Oper_Plantio_Tratos!$F:$F,'Dimensionamento Tratos'!$C13,Qtde_Oper_Plantio_Tratos!$I:$I,'Dimensionamento Tratos'!$D13) -> 0 | O13: =SUMIFS(Qtde_Oper_Plantio_Tratos!Y:Y,Qtde_Oper_Plantio_Tratos!$F:$F,'Dimensionamento Tratos'!$C13,Qtde_Oper_Plantio_Tratos!$I:$I,'Dimensionamento Tratos'!$D13) -> 0 | P13: =SUMIFS(Qtde_Oper_Plantio_Tratos!Z:Z,Qtde_Oper_Plantio_Tratos!$F:$F,'Dimensionamento Tratos'!$C13,Qtde_Oper_Plantio_Tratos!$I:$I,'Dimensionamento Tratos'!$D13) -> 0 | Q13: =SUMIFS(Qtde_Oper_Plantio_Tratos!AA:AA,Qtde_Oper_Plantio_Tratos!$F:$F,'Dimensionamento Tratos'!$C13,Qtde_Oper_Plantio_Tratos!$I:$I,'Dimensionamento Tratos'!$D13) -> 0 | R13: =SUMIFS(Qtde_Oper_Plantio_Tratos!AB:AB,Qtde_Oper_Plantio_Tratos!$F:$F,'Dimensionamento Tratos'!$C13,Qtde_Oper_Plantio_Tratos!$I:$I,'Dimensionamento Tratos'!$D13) -> 1016.136
D14: Proprio | E14: Trator_Herbicida | F14: =IF($D14="Proprio",IFERROR(F13/(_xlfn.XLOOKUP(F$6,$F$112:$R$112,$F$113:$R$113)*_xlfn.XLOOKUP($C13,$D$94:$D$108,$F$94:$F$108)),0),0) -> 0 | G14: =IF($D14="Proprio",IFERROR(G13/(_xlfn.XLOOKUP(G$6,$F$112:$R$112,$F$113:$R$113)*_xlfn.XLOOKUP($C13,$D$94:$D$108,$F$94:$F$108)),0),0) -> 0 | H14: =IF($D14="Proprio",IFERROR(H13/(_xlfn.XLOOKUP(H$6,$F$112:$R$112,$F$113:$R$113)*_xlfn.XLOOKUP($C13,$D$94:$D$108,$F$94:$F$108)),0),0) -> 0.086621315 | I14: =IF($D14="Proprio",IFERROR(I13/(_xlfn.XLOOKUP(I$6,$F$112:$R$112,$F$113:$R$113)*_xlfn.XLOOKUP($C13,$D$94:$D$108,$F$94:$F$108)),0),0) -> 0.10966984 | J14: =IF($D14="Proprio",IFERROR(J13/(_xlfn.XLOOKUP(J$6,$F$112:$R$112,$F$113:$R$113)*_xlfn.XLOOKUP($C13,$D$94:$D$108,$F$94:$F$108)),0),0) -> 0.2836289 | K14: =IF($D14="Proprio",IFERROR(K13/(_xlfn.XLOOKUP(K$6,$F$112:$R$112,$F$113:$R$113)*_xlfn.XLOOKUP($C13,$D$94:$D$108,$F$94:$F$108)),0),0) -> 0.080464433 | L14: =IF($D14="Proprio",IFERROR(L13/(_xlfn.XLOOKUP(L$6,$F$112:$R$112,$F$113:$R$113)*_xlfn.XLOOKUP($C13,$D$94:$D$108,$F$94:$F$108)),0),0) -> 0 | M14: =IF($D14="Proprio",IFERROR(M13/(_xlfn.XLOOKUP(M$6,$F$112:$R$112,$F$113:$R$113)*_xlfn.XLOOKUP($C13,$D$94:$D$108,$F$94:$F$108)),0),0) -> 0 | ... Q14: =IF($D14="Proprio",IFERROR(Q13/(_xlfn.XLOOKUP(Q$6,$F$112:$R$112,$F$113:$R$113)*_xlfn.XLOOKUP($C13,$D$94:$D$108,$F$94:$F$108)),0),0) -> 0 | R14: =IFERROR(R13/(_xlfn.XLOOKUP(R$6,$F$112:$R$112,$F$113:$R$113)*_xlfn.XLOOKUP($C13,$D$94:$D$108,$F$94:$F$108)),0) -> 0.062004105
C15: 1078 | D15: TRATCSP | E15: =_xlfn.XLOOKUP(C15,Apoio!A:A,Apoio!B:B) -> 2ª Aplicação De Herbicida | F15: =SUMIFS(Qtde_Oper_Plantio_Tratos!P:P,Qtde_Oper_Plantio_Tratos!$F:$F,'Dimensionamento Tratos'!$C15,Qtde_Oper_Plantio_Tratos!$I:$I,'Dimensionamento Tratos'!$D15) -> 0 | G15: =SUMIFS(Qtde_Oper_Plantio_Tratos!Q:Q,Qtde_Oper_Plantio_Tratos!$F:$F,'Dimensionamento Tratos'!$C15,Qtde_Oper_Plantio_Tratos!$I:$I,'Dimensionamento Tratos'!$D15) -> 0 | H15: =SUMIFS(Qtde_Oper_Plantio_Tratos!R:R,Qtde_Oper_Plantio_Tratos!$F:$F,'Dimensionamento Tratos'!$C15,Qtde_Oper_Plantio_Tratos!$I:$I,'Dimensionamento Tratos'!$D15) -> 554.638 | I15: =SUMIFS(Qtde_Oper_Plantio_Tratos!S:S,Qtde_Oper_Plantio_Tratos!$F:$F,'Dimensionamento Tratos'!$C15,Qtde_Oper_Plantio_Tratos!$I:$I,'Dimensionamento Tratos'!$D15) -> 0 | J15: =SUMIFS(Qtde_Oper_Plantio_Tratos!T:T,Qtde_Oper_Plantio_Tratos!$F:$F,'Dimensionamento Tratos'!$C15,Qtde_Oper_Plantio_Tratos!$I:$I,'Dimensionamento Tratos'!$D15) -> 523.649 | K15: =SUMIFS(Qtde_Oper_Plantio_Tratos!U:U,Qtde_Oper_Plantio_Tratos!$F:$F,'Dimensionamento Tratos'!$C15,Qtde_Oper_Plantio_Tratos!$I:$I,'Dimensionamento Tratos'!$D15) -> 580.937 | L15: =SUMIFS(Qtde_Oper_Plantio_Tratos!V:V,Qtde_Oper_Plantio_Tratos!$F:$F,'Dimensionamento Tratos'!$C15,Qtde_Oper_Plantio_Tratos!$I:$I,'Dimensionamento Tratos'!$D15) -> 600 | M15: =SUMIFS(Qtde_Oper_Plantio_Tratos!W:W,Qtde_Oper_Plantio_Tratos!$F:$F,'Dimensionamento Tratos'!$C15,Qtde_Oper_Plantio_Tratos!$I:$I,'Dimensionamento Tratos'!$D15) -> 310 | N15: =SUMIFS(Qtde_Oper_Plantio_Tratos!X:X,Qtde_Oper_Plantio_Tratos!$F:$F,'Dimensionamento Tratos'!$C15,Qtde_Oper_Plantio_Tratos!$I:$I,'Dimensionamento Tratos'!$D15) -> 250 | O15: =SUMIFS(Qtde_Oper_Plantio_Tratos!Y:Y,Qtde_Oper_Plantio_Tratos!$F:$F,'Dimensionamento Tratos'!$C15,Qtde_Oper_Plantio_Tratos!$I:$I,'Dimensionamento Tratos'!$D15) -> 250 | P15: =SUMIFS(Qtde_Oper_Plantio_Tratos!Z:Z,Qtde_Oper_Plantio_Tratos!$F:$F,'Dimensionamento Tratos'!$C15,Qtde_Oper_Plantio_Tratos!$I:$I,'Dimensionamento Tratos'!$D15) -> 250 | Q15: =SUMIFS(Qtde_Oper_Plantio_Tratos!AA:AA,Qtde_Oper_Plantio_Tratos!$F:$F,'Dimensionamento Tratos'!$C15,Qtde_Oper_Plantio_Tratos!$I:$I,'Dimensionamento Tratos'!$D15) -> 250 | R15: =SUM(F15:Q15) -> 3569.224
D16: Proprio | E16: Trator_Herbicida | F16: =IF($D16="Proprio",IFERROR(F15/(_xlfn.XLOOKUP(F$6,$F$112:$R$112,$F$113:$R$113)*_xlfn.XLOOKUP($C15,$D$94:$D$108,$F$94:$F$108)),0),0) -> 0 | G16: =IF($D16="Proprio",IFERROR(G15/(_xlfn.XLOOKUP(G$6,$F$112:$R$112,$F$113:$R$113)*_xlfn.XLOOKUP($C15,$D$94:$D$108,$F$94:$F$108)),0),0) -> 0 | H16: =IF($D16="Proprio",IFERROR(H15/(_xlfn.XLOOKUP(H$6,$F$112:$R$112,$F$113:$R$113)*_xlfn.XLOOKUP($C15,$D$94:$D$108,$F$94:$F$108)),0),0) -> 0.32243896 | I16: =IF($D16="Proprio",IFERROR(I15/(_xlfn.XLOOKUP(I$6,$F$112:$R$112,$F$113:$R$113)*_xlfn.XLOOKUP($C15,$D$94:$D$108,$F$94:$F$108)),0),0) -> 0 | J16: =IF($D16="Proprio",IFERROR(J15/(_xlfn.XLOOKUP(J$6,$F$112:$R$112,$F$113:$R$113)*_xlfn.XLOOKUP($C15,$D$94:$D$108,$F$94:$F$108)),0),0) -> 0.29392613 | K16: =IF($D16="Proprio",IFERROR(K15/(_xlfn.XLOOKUP(K$6,$F$112:$R$112,$F$113:$R$113)*_xlfn.XLOOKUP($C15,$D$94:$D$108,$F$94:$F$108)),0),0) -> 0.35023633 | L16: =IF($D16="Proprio",IFERROR(L15/(_xlfn.XLOOKUP(L$6,$F$112:$R$112,$F$113:$R$113)*_xlfn.XLOOKUP($C15,$D$94:$D$108,$F$94:$F$108)),0),0) -> 0.42042862 | M16: =IF($D16="Proprio",IFERROR(M15/(_xlfn.XLOOKUP(M$6,$F$112:$R$112,$F$113:$R$113)*_xlfn.XLOOKUP($C15,$D$94:$D$108,$F$94:$F$108)),0),0) -> 0.24284241 | ... Q16: =IF($D16="Proprio",IFERROR(Q15/(_xlfn.XLOOKUP(Q$6,$F$112:$R$112,$F$113:$R$113)*_xlfn.XLOOKUP($C15,$D$94:$D$108,$F$94:$F$108)),0),0) -> 0.22608067 | R16: =IFERROR(R15/(_xlfn.XLOOKUP(R$6,$F$112:$R$112,$F$113:$R$113)*_xlfn.XLOOKUP($C15,$D$94:$D$108,$F$94:$F$108)),0) -> 0.22334636
C17: 1078 | D17: TRATCPP | E17: =_xlfn.XLOOKUP(C17,Apoio!A:A,Apoio!B:B) -> 2ª Aplicação De Herbicida | F17: =SUMIFS(Qtde_Oper_Plantio_Tratos!P:P,Qtde_Oper_Plantio_Tratos!$F:$F,'Dimensionamento Tratos'!$C17,Qtde_Oper_Plantio_Tratos!$I:$I,'Dimensionamento Tratos'!$D17) -> 400 | G17: =SUMIFS(Qtde_Oper_Plantio_Tratos!Q:Q,Qtde_Oper_Plantio_Tratos!$F:$F,'Dimensionamento Tratos'!$C17,Qtde_Oper_Plantio_Tratos!$I:$I,'Dimensionamento Tratos'!$D17) -> 800 | H17: =SUMIFS(Qtde_Oper_Plantio_Tratos!R:R,Qtde_Oper_Plantio_Tratos!$F:$F,'Dimensionamento Tratos'!$C17,Qtde_Oper_Plantio_Tratos!$I:$I,'Dimensionamento Tratos'!$D17) -> 1100 | I17: =SUMIFS(Qtde_Oper_Plantio_Tratos!S:S,Qtde_Oper_Plantio_Tratos!$F:$F,'Dimensionamento Tratos'!$C17,Qtde_Oper_Plantio_Tratos!$I:$I,'Dimensionamento Tratos'!$D17) -> 600 | J17: =SUMIFS(Qtde_Oper_Plantio_Tratos!T:T,Qtde_Oper_Plantio_Tratos!$F:$F,'Dimensionamento Tratos'!$C17,Qtde_Oper_Plantio_Tratos!$I:$I,'Dimensionamento Tratos'!$D17) -> 0 | K17: =SUMIFS(Qtde_Oper_Plantio_Tratos!U:U,Qtde_Oper_Plantio_Tratos!$F:$F,'Dimensionamento Tratos'!$C17,Qtde_Oper_Plantio_Tratos!$I:$I,'Dimensionamento Tratos'!$D17) -> 0 | L17: =SUMIFS(Qtde_Oper_Plantio_Tratos!V:V,Qtde_Oper_Plantio_Tratos!$F:$F,'Dimensionamento Tratos'!$C17,Qtde_Oper_Plantio_Tratos!$I:$I,'Dimensionamento Tratos'!$D17) -> 370 | M17: =SUMIFS(Qtde_Oper_Plantio_Tratos!W:W,Qtde_Oper_Plantio_Tratos!$F:$F,'Dimensionamento Tratos'!$C17,Qtde_Oper_Plantio_Tratos!$I:$I,'Dimensionamento Tratos'!$D17) -> 370 | N17: =SUMIFS(Qtde_Oper_Plantio_Tratos!X:X,Qtde_Oper_Plantio_Tratos!$F:$F,'Dimensionamento Tratos'!$C17,Qtde_Oper_Plantio_Tratos!$I:$I,'Dimensionamento Tratos'!$D17) -> 0 | O17: =SUMIFS(Qtde_Oper_Plantio_Tratos!Y:Y,Qtde_Oper_Plantio_Tratos!$F:$F,'Dimensionamento Tratos'!$C17,Qtde_Oper_Plantio_Tratos!$I:$I,'Dimensionamento Tratos'!$D17) -> 50 | P17: =SUMIFS(Qtde_Oper_Plantio_Tratos!Z:Z,Qtde_Oper_Plantio_Tratos!$F:$F,'Dimensionamento Tratos'!$C17,Qtde_Oper_Plantio_Tratos!$I:$I,'Dimensionamento Tratos'!$D17) -> 0 | Q17: =SUMIFS(Qtde_Oper_Plantio_Tratos!AA:AA,Qtde_Oper_Plantio_Tratos!$F:$F,'Dimensionamento Tratos'!$C17,Qtde_Oper_Plantio_Tratos!$I:$I,'Dimensionamento Tratos'!$D17) -> 0 | R17: =SUMIFS(Qtde_Oper_Plantio_Tratos!AB:AB,Qtde_Oper_Plantio_Tratos!$F:$F,'Dimensionamento Tratos'!$C17,Qtde_Oper_Plantio_Tratos!$I:$I,'Dimensionamento Tratos'!$D17) -> 3690
D18: Proprio | E18: Trator_Herbicida | F18: =IF($D18="Proprio",IFERROR(F17/(_xlfn.XLOOKUP(F$6,$F$112:$R$112,$F$113:$R$113)*_xlfn.XLOOKUP($C17,$D$94:$D$108,$F$94:$F$108)),0),0) -> 0.27682719 | G18: =IF($D18="Proprio",IFERROR(G17/(_xlfn.XLOOKUP(G$6,$F$112:$R$112,$F$113:$R$113)*_xlfn.XLOOKUP($C17,$D$94:$D$108,$F$94:$F$108)),0),0) -> 0.50085563 | H18: =IF($D18="Proprio",IFERROR(H17/(_xlfn.XLOOKUP(H$6,$F$112:$R$112,$F$113:$R$113)*_xlfn.XLOOKUP($C17,$D$94:$D$108,$F$94:$F$108)),0),0) -> 0.63948531 | I18: =IF($D18="Proprio",IFERROR(I17/(_xlfn.XLOOKUP(I$6,$F$112:$R$112,$F$113:$R$113)*_xlfn.XLOOKUP($C17,$D$94:$D$108,$F$94:$F$108)),0),0) -> 0.32555616 | J18: =IF($D18="Proprio",IFERROR(J17/(_xlfn.XLOOKUP(J$6,$F$112:$R$112,$F$113:$R$113)*_xlfn.XLOOKUP($C17,$D$94:$D$108,$F$94:$F$108)),0),0) -> 0 | K18: =IF($D18="Proprio",IFERROR(K17/(_xlfn.XLOOKUP(K$6,$F$112:$R$112,$F$113:$R$113)*_xlfn.XLOOKUP($C17,$D$94:$D$108,$F$94:$F$108)),0),0) -> 0 | L18: =IF($D18="Proprio",IFERROR(L17/(_xlfn.XLOOKUP(L$6,$F$112:$R$112,$F$113:$R$113)*_xlfn.XLOOKUP($C17,$D$94:$D$108,$F$94:$F$108)),0),0) -> 0.25926432 | M18: =IF($D18="Proprio",IFERROR(M17/(_xlfn.XLOOKUP(M$6,$F$112:$R$112,$F$113:$R$113)*_xlfn.XLOOKUP($C17,$D$94:$D$108,$F$94:$F$108)),0),0) -> 0.28984417 | ... Q18: =IF($D18="Proprio",IFERROR(Q17/(_xlfn.XLOOKUP(Q$6,$F$112:$R$112,$F$113:$R$113)*_xlfn.XLOOKUP($C17,$D$94:$D$108,$F$94:$F$108)),0),0) -> 0 | R18: =IFERROR(R17/(_xlfn.XLOOKUP(R$6,$F$112:$R$112,$F$113:$R$113)*_xlfn.XLOOKUP($C17,$D$94:$D$108,$F$94:$F$108)),0) -> 0.23090399
C19: 1032 | D19: TRATCPP | E19: =_xlfn.XLOOKUP(C19,Apoio!A:A,Apoio!B:B) -> Aplicação De Inseticida | F19: =SUMIFS(Qtde_Oper_Plantio_Tratos!P:P,Qtde_Oper_Plantio_Tratos!$F:$F,'Dimensionamento Tratos'!$C19,Qtde_Oper_Plantio_Tratos!$I:$I,'Dimensionamento Tratos'!$D19) -> 400 | G19: =SUMIFS(Qtde_Oper_Plantio_Tratos!Q:Q,Qtde_Oper_Plantio_Tratos!$F:$F,'Dimensionamento Tratos'!$C19,Qtde_Oper_Plantio_Tratos!$I:$I,'Dimensionamento Tratos'!$D19) -> 800 | H19: =SUMIFS(Qtde_Oper_Plantio_Tratos!R:R,Qtde_Oper_Plantio_Tratos!$F:$F,'Dimensionamento Tratos'!$C19,Qtde_Oper_Plantio_Tratos!$I:$I,'Dimensionamento Tratos'!$D19) -> 1100 | I19: =SUMIFS(Qtde_Oper_Plantio_Tratos!S:S,Qtde_Oper_Plantio_Tratos!$F:$F,'Dimensionamento Tratos'!$C19,Qtde_Oper_Plantio_Tratos!$I:$I,'Dimensionamento Tratos'!$D19) -> 600 | J19: =SUMIFS(Qtde_Oper_Plantio_Tratos!T:T,Qtde_Oper_Plantio_Tratos!$F:$F,'Dimensionamento Tratos'!$C19,Qtde_Oper_Plantio_Tratos!$I:$I,'Dimensionamento Tratos'!$D19) -> 0 | K19: =SUMIFS(Qtde_Oper_Plantio_Tratos!U:U,Qtde_Oper_Plantio_Tratos!$F:$F,'Dimensionamento Tratos'!$C19,Qtde_Oper_Plantio_Tratos!$I:$I,'Dimensionamento Tratos'!$D19) -> 0 | L19: =SUMIFS(Qtde_Oper_Plantio_Tratos!V:V,Qtde_Oper_Plantio_Tratos!$F:$F,'Dimensionamento Tratos'!$C19,Qtde_Oper_Plantio_Tratos!$I:$I,'Dimensionamento Tratos'!$D19) -> 370 | M19: =SUMIFS(Qtde_Oper_Plantio_Tratos!W:W,Qtde_Oper_Plantio_Tratos!$F:$F,'Dimensionamento Tratos'!$C19,Qtde_Oper_Plantio_Tratos!$I:$I,'Dimensionamento Tratos'!$D19) -> 370 | N19: =SUMIFS(Qtde_Oper_Plantio_Tratos!X:X,Qtde_Oper_Plantio_Tratos!$F:$F,'Dimensionamento Tratos'!$C19,Qtde_Oper_Plantio_Tratos!$I:$I,'Dimensionamento Tratos'!$D19) -> 0 | O19: =SUMIFS(Qtde_Oper_Plantio_Tratos!Y:Y,Qtde_Oper_Plantio_Tratos!$F:$F,'Dimensionamento Tratos'!$C19,Qtde_Oper_Plantio_Tratos!$I:$I,'Dimensionamento Tratos'!$D19) -> 50 | P19: =SUMIFS(Qtde_Oper_Plantio_Tratos!Z:Z,Qtde_Oper_Plantio_Tratos!$F:$F,'Dimensionamento Tratos'!$C19,Qtde_Oper_Plantio_Tratos!$I:$I,'Dimensionamento Tratos'!$D19) -> 0 | Q19: =SUMIFS(Qtde_Oper_Plantio_Tratos!AA:AA,Qtde_Oper_Plantio_Tratos!$F:$F,'Dimensionamento Tratos'!$C19,Qtde_Oper_Plantio_Tratos!$I:$I,'Dimensionamento Tratos'!$D19) -> 0 | R19: =SUM(F19:Q19) -> 3690
D20: Proprio | E20: Trator_Herbicida | F20: =IF($D20="Proprio",IFERROR(F19/(_xlfn.XLOOKUP(F$6,$F$112:$R$112,$F$113:$R$113)*_xlfn.XLOOKUP($C19,$D$94:$D$108,$F$94:$F$108)),0),0) -> 0.21082335 | G20: =IF($D20="Proprio",IFERROR(G19/(_xlfn.XLOOKUP(G$6,$F$112:$R$112,$F$113:$R$113)*_xlfn.XLOOKUP($C19,$D$94:$D$108,$F$94:$F$108)),0),0) -> 0.38143675 | H20: =IF($D20="Proprio",IFERROR(H19/(_xlfn.XLOOKUP(H$6,$F$112:$R$112,$F$113:$R$113)*_xlfn.XLOOKUP($C19,$D$94:$D$108,$F$94:$F$108)),0),0) -> 0.48701299 | I20: =IF($D20="Proprio",IFERROR(I19/(_xlfn.XLOOKUP(I$6,$F$112:$R$112,$F$113:$R$113)*_xlfn.XLOOKUP($C19,$D$94:$D$108,$F$94:$F$108)),0),0) -> 0.24793388 | J20: =IF($D20="Proprio",IFERROR(J19/(_xlfn.XLOOKUP(J$6,$F$112:$R$112,$F$113:$R$113)*_xlfn.XLOOKUP($C19,$D$94:$D$108,$F$94:$F$108)),0),0) -> 0 | K20: =IF($D20="Proprio",IFERROR(K19/(_xlfn.XLOOKUP(K$6,$F$112:$R$112,$F$113:$R$113)*_xlfn.XLOOKUP($C19,$D$94:$D$108,$F$94:$F$108)),0),0) -> 0 | L20: =IF($D20="Proprio",IFERROR(L19/(_xlfn.XLOOKUP(L$6,$F$112:$R$112,$F$113:$R$113)*_xlfn.XLOOKUP($C19,$D$94:$D$108,$F$94:$F$108)),0),0) -> 0.19744799 | M20: =IF($D20="Proprio",IFERROR(M19/(_xlfn.XLOOKUP(M$6,$F$112:$R$112,$F$113:$R$113)*_xlfn.XLOOKUP($C19,$D$94:$D$108,$F$94:$F$108)),0),0) -> 0.2207367 | ... Q20: =IF($D20="Proprio",IFERROR(Q19/(_xlfn.XLOOKUP(Q$6,$F$112:$R$112,$F$113:$R$113)*_xlfn.XLOOKUP($C19,$D$94:$D$108,$F$94:$F$108)),0),0) -> 0 | R20: =IFERROR(R19/(_xlfn.XLOOKUP(R$6,$F$112:$R$112,$F$113:$R$113)*_xlfn.XLOOKUP($C19,$D$94:$D$108,$F$94:$F$108)),0) -> 0.17584961
C21: 1032 | D21: TRATCSP | E21: =_xlfn.XLOOKUP(C21,Apoio!A:A,Apoio!B:B) -> Aplicação De Inseticida | F21: =SUMIFS(Qtde_Oper_Plantio_Tratos!P:P,Qtde_Oper_Plantio_Tratos!$F:$F,'Dimensionamento Tratos'!$C21,Qtde_Oper_Plantio_Tratos!$I:$I,'Dimensionamento Tratos'!$D21) -> 149.03 | G21: =SUMIFS(Qtde_Oper_Plantio_Tratos!Q:Q,Qtde_Oper_Plantio_Tratos!$F:$F,'Dimensionamento Tratos'!$C21,Qtde_Oper_Plantio_Tratos!$I:$I,'Dimensionamento Tratos'!$D21) -> 411.48 | H21: =SUMIFS(Qtde_Oper_Plantio_Tratos!R:R,Qtde_Oper_Plantio_Tratos!$F:$F,'Dimensionamento Tratos'!$C21,Qtde_Oper_Plantio_Tratos!$I:$I,'Dimensionamento Tratos'!$D21) -> 211.61 | I21: =SUMIFS(Qtde_Oper_Plantio_Tratos!S:S,Qtde_Oper_Plantio_Tratos!$F:$F,'Dimensionamento Tratos'!$C21,Qtde_Oper_Plantio_Tratos!$I:$I,'Dimensionamento Tratos'!$D21) -> 9.96 | J21: =SUMIFS(Qtde_Oper_Plantio_Tratos!T:T,Qtde_Oper_Plantio_Tratos!$F:$F,'Dimensionamento Tratos'!$C21,Qtde_Oper_Plantio_Tratos!$I:$I,'Dimensionamento Tratos'!$D21) -> 106.19 | K21: =SUMIFS(Qtde_Oper_Plantio_Tratos!U:U,Qtde_Oper_Plantio_Tratos!$F:$F,'Dimensionamento Tratos'!$C21,Qtde_Oper_Plantio_Tratos!$I:$I,'Dimensionamento Tratos'!$D21) -> 65.32 | L21: =SUMIFS(Qtde_Oper_Plantio_Tratos!V:V,Qtde_Oper_Plantio_Tratos!$F:$F,'Dimensionamento Tratos'!$C21,Qtde_Oper_Plantio_Tratos!$I:$I,'Dimensionamento Tratos'!$D21) -> 511.76 | M21: =SUMIFS(Qtde_Oper_Plantio_Tratos!W:W,Qtde_Oper_Plantio_Tratos!$F:$F,'Dimensionamento Tratos'!$C21,Qtde_Oper_Plantio_Tratos!$I:$I,'Dimensionamento Tratos'!$D21) -> 10.95 | N21: =SUMIFS(Qtde_Oper_Plantio_Tratos!X:X,Qtde_Oper_Plantio_Tratos!$F:$F,'Dimensionamento Tratos'!$C21,Qtde_Oper_Plantio_Tratos!$I:$I,'Dimensionamento Tratos'!$D21) -> 0 | O21: =SUMIFS(Qtde_Oper_Plantio_Tratos!Y:Y,Qtde_Oper_Plantio_Tratos!$F:$F,'Dimensionamento Tratos'!$C21,Qtde_Oper_Plantio_Tratos!$I:$I,'Dimensionamento Tratos'!$D21) -> 0 | P21: =SUMIFS(Qtde_Oper_Plantio_Tratos!Z:Z,Qtde_Oper_Plantio_Tratos!$F:$F,'Dimensionamento Tratos'!$C21,Qtde_Oper_Plantio_Tratos!$I:$I,'Dimensionamento Tratos'!$D21) -> 0 | Q21: =SUMIFS(Qtde_Oper_Plantio_Tratos!AA:AA,Qtde_Oper_Plantio_Tratos!$F:$F,'Dimensionamento Tratos'!$C21,Qtde_Oper_Plantio_Tratos!$I:$I,'Dimensionamento Tratos'!$D21) -> 0 | R21: =SUMIFS(Qtde_Oper_Plantio_Tratos!AB:AB,Qtde_Oper_Plantio_Tratos!$F:$F,'Dimensionamento Tratos'!$C21,Qtde_Oper_Plantio_Tratos!$I:$I,'Dimensionamento Tratos'!$D21) -> 1476.3
D22: Proprio | E22: Trator_Herbicida | F22: =IF($D22="Proprio",IFERROR(F21/(_xlfn.XLOOKUP(F$6,$F$112:$R$112,$F$113:$R$113)*_xlfn.XLOOKUP($C21,$D$94:$D$108,$F$94:$F$108)),0),0) -> 0.078547511 | G22: =IF($D22="Proprio",IFERROR(G21/(_xlfn.XLOOKUP(G$6,$F$112:$R$112,$F$113:$R$113)*_xlfn.XLOOKUP($C21,$D$94:$D$108,$F$94:$F$108)),0),0) -> 0.19619199 | H22: =IF($D22="Proprio",IFERROR(H21/(_xlfn.XLOOKUP(H$6,$F$112:$R$112,$F$113:$R$113)*_xlfn.XLOOKUP($C21,$D$94:$D$108,$F$94:$F$108)),0),0) -> 0.093688017 | I22: =IF($D22="Proprio",IFERROR(I21/(_xlfn.XLOOKUP(I$6,$F$112:$R$112,$F$113:$R$113)*_xlfn.XLOOKUP($C21,$D$94:$D$108,$F$94:$F$108)),0),0) -> 0.0041157025 | J22: =IF($D22="Proprio",IFERROR(J21/(_xlfn.XLOOKUP(J$6,$F$112:$R$112,$F$113:$R$113)*_xlfn.XLOOKUP($C21,$D$94:$D$108,$F$94:$F$108)),0),0) -> 0.045393274 | K22: =IF($D22="Proprio",IFERROR(K21/(_xlfn.XLOOKUP(K$6,$F$112:$R$112,$F$113:$R$113)*_xlfn.XLOOKUP($C21,$D$94:$D$108,$F$94:$F$108)),0),0) -> 0.029990817 | L22: =IF($D22="Proprio",IFERROR(L21/(_xlfn.XLOOKUP(L$6,$F$112:$R$112,$F$113:$R$113)*_xlfn.XLOOKUP($C21,$D$94:$D$108,$F$94:$F$108)),0),0) -> 0.27309725 | M22: =IF($D22="Proprio",IFERROR(M21/(_xlfn.XLOOKUP(M$6,$F$112:$R$112,$F$113:$R$113)*_xlfn.XLOOKUP($C21,$D$94:$D$108,$F$94:$F$108)),0),0) -> 0.0065326131 | ... Q22: =IF($D22="Proprio",IFERROR(Q21/(_xlfn.XLOOKUP(Q$6,$F$112:$R$112,$F$113:$R$113)*_xlfn.XLOOKUP($C21,$D$94:$D$108,$F$94:$F$108)),0),0) -> 0 | R22: =IFERROR(R21/(_xlfn.XLOOKUP(R$6,$F$112:$R$112,$F$113:$R$113)*_xlfn.XLOOKUP($C21,$D$94:$D$108,$F$94:$F$108)),0) -> 0.070354141
C23: 1090 | D23: TRATCSP | E23: =_xlfn.XLOOKUP(C23,Apoio!A:A,Apoio!B:B) -> Repasse Aplicação Herbicida | F23: =SUMIFS(Qtde_Oper_Plantio_Tratos!P:P,Qtde_Oper_Plantio_Tratos!$F:$F,'Dimensionamento Tratos'!$C23,Qtde_Oper_Plantio_Tratos!$I:$I,'Dimensionamento Tratos'!$D23) -> 105 | G23: =SUMIFS(Qtde_Oper_Plantio_Tratos!Q:Q,Qtde_Oper_Plantio_Tratos!$F:$F,'Dimensionamento Tratos'!$C23,Qtde_Oper_Plantio_Tratos!$I:$I,'Dimensionamento Tratos'!$D23) -> 98 | H23: =SUMIFS(Qtde_Oper_Plantio_Tratos!R:R,Qtde_Oper_Plantio_Tratos!$F:$F,'Dimensionamento Tratos'!$C23,Qtde_Oper_Plantio_Tratos!$I:$I,'Dimensionamento Tratos'!$D23) -> 63 | I23: =SUMIFS(Qtde_Oper_Plantio_Tratos!S:S,Qtde_Oper_Plantio_Tratos!$F:$F,'Dimensionamento Tratos'!$C23,Qtde_Oper_Plantio_Tratos!$I:$I,'Dimensionamento Tratos'!$D23) -> 100 | J23: =SUMIFS(Qtde_Oper_Plantio_Tratos!T:T,Qtde_Oper_Plantio_Tratos!$F:$F,'Dimensionamento Tratos'!$C23,Qtde_Oper_Plantio_Tratos!$I:$I,'Dimensionamento Tratos'!$D23) -> 100 | K23: =SUMIFS(Qtde_Oper_Plantio_Tratos!U:U,Qtde_Oper_Plantio_Tratos!$F:$F,'Dimensionamento Tratos'!$C23,Qtde_Oper_Plantio_Tratos!$I:$I,'Dimensionamento Tratos'!$D23) -> 84 | L23: =SUMIFS(Qtde_Oper_Plantio_Tratos!V:V,Qtde_Oper_Plantio_Tratos!$F:$F,'Dimensionamento Tratos'!$C23,Qtde_Oper_Plantio_Tratos!$I:$I,'Dimensionamento Tratos'!$D23) -> 196 | M23: =SUMIFS(Qtde_Oper_Plantio_Tratos!W:W,Qtde_Oper_Plantio_Tratos!$F:$F,'Dimensionamento Tratos'!$C23,Qtde_Oper_Plantio_Tratos!$I:$I,'Dimensionamento Tratos'!$D23) -> 0 | N23: =SUMIFS(Qtde_Oper_Plantio_Tratos!X:X,Qtde_Oper_Plantio_Tratos!$F:$F,'Dimensionamento Tratos'!$C23,Qtde_Oper_Plantio_Tratos!$I:$I,'Dimensionamento Tratos'!$D23) -> 100 | O23: =SUMIFS(Qtde_Oper_Plantio_Tratos!Y:Y,Qtde_Oper_Plantio_Tratos!$F:$F,'Dimensionamento Tratos'!$C23,Qtde_Oper_Plantio_Tratos!$I:$I,'Dimensionamento Tratos'!$D23) -> 100 | P23: =SUMIFS(Qtde_Oper_Plantio_Tratos!Z:Z,Qtde_Oper_Plantio_Tratos!$F:$F,'Dimensionamento Tratos'!$C23,Qtde_Oper_Plantio_Tratos!$I:$I,'Dimensionamento Tratos'!$D23) -> 100 | Q23: =SUMIFS(Qtde_Oper_Plantio_Tratos!AA:AA,Qtde_Oper_Plantio_Tratos!$F:$F,'Dimensionamento Tratos'!$C23,Qtde_Oper_Plantio_Tratos!$I:$I,'Dimensionamento Tratos'!$D23) -> 100 | R23: =SUM(F23:Q23) -> 1146
D24: Proprio | E24: Trator_Herbicida | F24: =IF($D24="Proprio",IFERROR(F23/(_xlfn.XLOOKUP(F$6,$F$112:$R$112,$F$113:$R$113)*_xlfn.XLOOKUP($C23,$D$94:$D$108,$F$94:$F$108)),0),0) -> 0.24573493 | G24: =IF($D24="Proprio",IFERROR(G23/(_xlfn.XLOOKUP(G$6,$F$112:$R$112,$F$113:$R$113)*_xlfn.XLOOKUP($C23,$D$94:$D$108,$F$94:$F$108)),0),0) -> 0.20748059 | H24: =IF($D24="Proprio",IFERROR(H23/(_xlfn.XLOOKUP(H$6,$F$112:$R$112,$F$113:$R$113)*_xlfn.XLOOKUP($C23,$D$94:$D$108,$F$94:$F$108)),0),0) -> 0.12385321 | I24: =IF($D24="Proprio",IFERROR(I23/(_xlfn.XLOOKUP(I$6,$F$112:$R$112,$F$113:$R$113)*_xlfn.XLOOKUP($C23,$D$94:$D$108,$F$94:$F$108)),0),0) -> 0.18348624 | J24: =IF($D24="Proprio",IFERROR(J23/(_xlfn.XLOOKUP(J$6,$F$112:$R$112,$F$113:$R$113)*_xlfn.XLOOKUP($C23,$D$94:$D$108,$F$94:$F$108)),0),0) -> 0.18981335 | K24: =IF($D24="Proprio",IFERROR(K23/(_xlfn.XLOOKUP(K$6,$F$112:$R$112,$F$113:$R$113)*_xlfn.XLOOKUP($C23,$D$94:$D$108,$F$94:$F$108)),0),0) -> 0.17125382 | L24: =IF($D24="Proprio",IFERROR(L23/(_xlfn.XLOOKUP(L$6,$F$112:$R$112,$F$113:$R$113)*_xlfn.XLOOKUP($C23,$D$94:$D$108,$F$94:$F$108)),0),0) -> 0.46443606 | M24: =IF($D24="Proprio",IFERROR(M23/(_xlfn.XLOOKUP(M$6,$F$112:$R$112,$F$113:$R$113)*_xlfn.XLOOKUP($C23,$D$94:$D$108,$F$94:$F$108)),0),0) -> 0 | ... Q24: =IF($D24="Proprio",IFERROR(Q23/(_xlfn.XLOOKUP(Q$6,$F$112:$R$112,$F$113:$R$113)*_xlfn.XLOOKUP($C23,$D$94:$D$108,$F$94:$F$108)),0),0) -> 0.3058104 | R24: =IFERROR(R23/(_xlfn.XLOOKUP(R$6,$F$112:$R$112,$F$113:$R$113)*_xlfn.XLOOKUP($C23,$D$94:$D$108,$F$94:$F$108)),0) -> 0.24250379
C25: 1096 | D25: PREPSP | E25: =_xlfn.XLOOKUP(C25,Apoio!A:A,Apoio!B:B) -> Pré Plantio Incorporado (Ppi) | F25: =SUMIFS(Qtde_Oper_Plantio_Tratos!P:P,Qtde_Oper_Plantio_Tratos!$F:$F,'Dimensionamento Tratos'!$C25,Qtde_Oper_Plantio_Tratos!$I:$I,'Dimensionamento Tratos'!$D25) -> 0 | G25: =SUMIFS(Qtde_Oper_Plantio_Tratos!Q:Q,Qtde_Oper_Plantio_Tratos!$F:$F,'Dimensionamento Tratos'!$C25,Qtde_Oper_Plantio_Tratos!$I:$I,'Dimensionamento Tratos'!$D25) -> 0 | H25: =SUMIFS(Qtde_Oper_Plantio_Tratos!R:R,Qtde_Oper_Plantio_Tratos!$F:$F,'Dimensionamento Tratos'!$C25,Qtde_Oper_Plantio_Tratos!$I:$I,'Dimensionamento Tratos'!$D25) -> 229.2 | I25: =SUMIFS(Qtde_Oper_Plantio_Tratos!S:S,Qtde_Oper_Plantio_Tratos!$F:$F,'Dimensionamento Tratos'!$C25,Qtde_Oper_Plantio_Tratos!$I:$I,'Dimensionamento Tratos'!$D25) -> 310.914 | J25: =SUMIFS(Qtde_Oper_Plantio_Tratos!T:T,Qtde_Oper_Plantio_Tratos!$F:$F,'Dimensionamento Tratos'!$C25,Qtde_Oper_Plantio_Tratos!$I:$I,'Dimensionamento Tratos'!$D25) -> 0 | K25: =SUMIFS(Qtde_Oper_Plantio_Tratos!U:U,Qtde_Oper_Plantio_Tratos!$F:$F,'Dimensionamento Tratos'!$C25,Qtde_Oper_Plantio_Tratos!$I:$I,'Dimensionamento Tratos'!$D25) -> 0 | L25: =SUMIFS(Qtde_Oper_Plantio_Tratos!V:V,Qtde_Oper_Plantio_Tratos!$F:$F,'Dimensionamento Tratos'!$C25,Qtde_Oper_Plantio_Tratos!$I:$I,'Dimensionamento Tratos'!$D25) -> 0 | M25: =SUMIFS(Qtde_Oper_Plantio_Tratos!W:W,Qtde_Oper_Plantio_Tratos!$F:$F,'Dimensionamento Tratos'!$C25,Qtde_Oper_Plantio_Tratos!$I:$I,'Dimensionamento Tratos'!$D25) -> 0 | N25: =SUMIFS(Qtde_Oper_Plantio_Tratos!X:X,Qtde_Oper_Plantio_Tratos!$F:$F,'Dimensionamento Tratos'!$C25,Qtde_Oper_Plantio_Tratos!$I:$I,'Dimensionamento Tratos'!$D25) -> 0 | O25: =SUMIFS(Qtde_Oper_Plantio_Tratos!Y:Y,Qtde_Oper_Plantio_Tratos!$F:$F,'Dimensionamento Tratos'!$C25,Qtde_Oper_Plantio_Tratos!$I:$I,'Dimensionamento Tratos'!$D25) -> 0 | P25: =SUMIFS(Qtde_Oper_Plantio_Tratos!Z:Z,Qtde_Oper_Plantio_Tratos!$F:$F,'Dimensionamento Tratos'!$C25,Qtde_Oper_Plantio_Tratos!$I:$I,'Dimensionamento Tratos'!$D25) -> 0 | Q25: =SUMIFS(Qtde_Oper_Plantio_Tratos!AA:AA,Qtde_Oper_Plantio_Tratos!$F:$F,'Dimensionamento Tratos'!$C25,Qtde_Oper_Plantio_Tratos!$I:$I,'Dimensionamento Tratos'!$D25) -> 0 | R25: =SUMIFS(Qtde_Oper_Plantio_Tratos!AB:AB,Qtde_Oper_Plantio_Tratos!$F:$F,'Dimensionamento Tratos'!$C25,Qtde_Oper_Plantio_Tratos!$I:$I,'Dimensionamento Tratos'!$D25) -> 541.114
D26: Proprio | E26: Trator_Herbicida | F26: =IF($D26="Proprio",IFERROR(F25/(_xlfn.XLOOKUP(F$6,$F$112:$R$112,$F$113:$R$113)*_xlfn.XLOOKUP($C25,$D$94:$D$108,$F$94:$F$108)),0),0) -> 0 | G26: =IF($D26="Proprio",IFERROR(G25/(_xlfn.XLOOKUP(G$6,$F$112:$R$112,$F$113:$R$113)*_xlfn.XLOOKUP($C25,$D$94:$D$108,$F$94:$F$108)),0),0) -> 0 | H26: =IF($D26="Proprio",IFERROR(H25/(_xlfn.XLOOKUP(H$6,$F$112:$R$112,$F$113:$R$113)*_xlfn.XLOOKUP($C25,$D$94:$D$108,$F$94:$F$108)),0),0) -> 0.093222522 | I26: =IF($D26="Proprio",IFERROR(I25/(_xlfn.XLOOKUP(I$6,$F$112:$R$112,$F$113:$R$113)*_xlfn.XLOOKUP($C25,$D$94:$D$108,$F$94:$F$108)),0),0) -> 0.11802752 | J26: =IF($D26="Proprio",IFERROR(J25/(_xlfn.XLOOKUP(J$6,$F$112:$R$112,$F$113:$R$113)*_xlfn.XLOOKUP($C25,$D$94:$D$108,$F$94:$F$108)),0),0) -> 0 | K26: =IF($D26="Proprio",IFERROR(K25/(_xlfn.XLOOKUP(K$6,$F$112:$R$112,$F$113:$R$113)*_xlfn.XLOOKUP($C25,$D$94:$D$108,$F$94:$F$108)),0),0) -> 0 | L26: =IF($D26="Proprio",IFERROR(L25/(_xlfn.XLOOKUP(L$6,$F$112:$R$112,$F$113:$R$113)*_xlfn.XLOOKUP($C25,$D$94:$D$108,$F$94:$F$108)),0),0) -> 0 | M26: =IF($D26="Proprio",IFERROR(M25/(_xlfn.XLOOKUP(M$6,$F$112:$R$112,$F$113:$R$113)*_xlfn.XLOOKUP($C25,$D$94:$D$108,$F$94:$F$108)),0),0) -> 0 | ... Q26: =IF($D26="Proprio",IFERROR(Q25/(_xlfn.XLOOKUP(Q$6,$F$112:$R$112,$F$113:$R$113)*_xlfn.XLOOKUP($C25,$D$94:$D$108,$F$94:$F$108)),0),0) -> 0 | R26: =IFERROR(R25/(_xlfn.XLOOKUP(R$6,$F$112:$R$112,$F$113:$R$113)*_xlfn.XLOOKUP($C25,$D$94:$D$108,$F$94:$F$108)),0) -> 0.023689844
E27: Nec_Tratores | F27: =ROUNDUP(SUM(F26,F24,F22,F18,F16,F14,F12,F10,F8),0) -> 2 | G27: =ROUNDUP(SUM(G26,G24,G22,G18,G16,G14,G12,G10,G8),0) -> 2 | H27: =ROUNDUP(SUM(H26,H24,H22,H18,H16,H14,H12,H10,H8),0) -> 3 | I27: =ROUNDUP(SUM(I26,I24,I22,I18,I16,I14,I12,I10,I8),0) -> 2 | J27: =ROUNDUP(SUM(J26,J24,J22,J18,J16,J14,J12,J10,J8),0) -> 2 | K27: =ROUNDUP(SUM(K26,K24,K22,K18,K16,K14,K12,K10,K8),0) -> 2 | L27: =ROUNDUP(SUM(L26,L24,L22,L18,L16,L14,L12,L10,L8),0) -> 3 | M27: =ROUNDUP(SUM(M26,M24,M22,M18,M16,M14,M12,M10,M8),0) -> 2 | ... R27: =ROUNDUP(SUM(R26,R24,R22,R18,R16,R14,R12,R10,R8),0) -> 2
E28: Disp_Tratores | F28: =SUMIFS($F81:$F89,$E$81:$E$89,$E26) -> 3 | G28: =SUMIFS($F81:$F89,$E$81:$E$89,$E26) -> 3 | H28: =SUMIFS($F81:$F89,$E$81:$E$89,$E26) -> 3 | I28: =SUMIFS($F81:$F89,$E$81:$E$89,$E26) -> 3 | J28: =SUMIFS($F81:$F89,$E$81:$E$89,$E26) -> 3 | K28: =SUMIFS($F81:$F89,$E$81:$E$89,$E26) -> 3 | L28: =SUMIFS($F81:$F89,$E$81:$E$89,$E26) -> 3 | M28: =SUMIFS($F81:$F89,$E$81:$E$89,$E26) -> 3 | ... R28: =SUMIFS($F81:$F89,$E$81:$E$89,$E26) -> 3
